Nayaki,Nayaki / Nayagi is a 2016 Telugu-Tamil bilingual comedy horror film# directed by Goverdhan Reddy. The film stars Trisha in the lead role# with Ganesh Venkatraman# Satyam Rajesh and Sushma Raj in supporting roles. The film is produced by Giridhar Mamidipally# who was the former manager of Trisha under Giridhar Production House# and has cinematography by Jagadeesh. Both versions of the film opened to negative reviews in mid-2016.,https://upload.wikimedia.org/wikipedia/en/7/74/Nayaki_poster.jpg,September 16# 2016 (2016-09-16),Giridhar Mamidipally,Mali G. (Tamil dialogues)#,Govi,Telugu,Trisha# Ganesh Venkatraman# Satyam Rajesh# Sshma Raj,105,7.4
Pichaikkaran,Pichaikkaran (English: Beggar) is a 2016 Indian Tamil action thriller film directed by Sasi# starring Vijay Antony in the lead role. The film released on 4 March 2016. The Telugu dubbed version was titled as Bichagadu and was released on 13 May 2016.The movie became surprise hit in Andhra and grossed 18crores which is higher than tamilnadu 15crores.,https://upload.wikimedia.org/wikipedia/en/9/98/Pichaikaran.jpg,4 March 2016 (2016-03-04),Fathima Vijay Antony,Sasi,Sasi,Tamil,Vijay Antony# Satna Tits,155,8.2
Jackson Durai,Jackson Durai is a 2016 Tamil horror comedy film witten and directed by Dharani Dharan# starring Sibiraj# Sathyaraj and Bindu Madhavi in the leading roles#while Karunakaran plays an important role. Featuring music composed by Siddharth Vipin and editing by Vivek Harshan# the film released on 1 July 2016.,https://upload.wikimedia.org/wikipedia/en/1/1b/Jackson-Durai-First-Look-Posters-1.jpg,July 1 2016 (2016-07-01),M. S. Sharavanan,Dharani Dharan,Dharani Dharan,Tamil,Sathyaraj# Sibiraj# Bind Madhavi,150,7.4
Nambiyaar,Nambiyaar is a 2016 Tamil language science fiction-comedy film written and directed by Ganeshaa in his directorial debut. It stars comedian Santhanam in the title character# alongside Srikanth and Sunaina in the lead roles. Produced by Srikanth's home production Golden Friday Films# the film is named after the veteran actor M. N. Nambiar who was famous for his villainous roles in yester-year Tamil cinema. Vijay Antony scored the soundtrack and original scores for the film. Despite beginning production during early 2013# the film went through delays before releasing in August 2016.,https://upload.wikimedia.org/wikipedia/en/0/0d/Nambiar_2016_poster.jpg,July 1 2016 (2016-07-01),S. Vandana,Ganeshaa,Ganeshaa,Tamil,Srikanth# Santhanam# Snaina# Delhi Ganesh# Jayaprakash,151,8.7
Thodari,Thodari (English: The Train) is a 2016 Indian Tamil-language romantic thriller film co produced# written and directed by Prabhu Solomon. The film produced by Sathya Jyothi Films stars Dhanush and Keerthy Suresh in the lead roles# while D. Imman composes the film's music. The film was released on 22 September 2016.,https://upload.wikimedia.org/wikipedia/en/a/aa/Thodari_poster.jpg,September 17 2016 (2016-09-17),T. G. Thiyagarajan,Prabhu Solomon,Prabhu Solomon,Tamil,Dhansh# Keerthy Sresh# Thambi Ramaiah# Karnakaran,163,4.9
Kuttrame Thandanai,Kutrame Thandanai (English: The Crime is the Punishment) is a 2016 Tamil language neo-noir crime psychological thriller film cinematograph and directed by M. Manikandan and produced by S. Harihara Naganathan# S. Muthu# S. Kaleeswaran under Don Production co prodcued with Tribal Art Productions.
This film starring Vidharth# Aishwarya Rajesh and Pooja Devariya in the leading roles. Supporting role played by Rahman# Nassar# Guru Somasundaram# G. Marimuthu and Yogi Babu Played guest appearances.
This film written by M. Manikandan and Anand Annamalai# music score by Ilaiyaraaja(without songs)# edited done by Anucharan(Kirumi fame director and editor)# production designed by Balasubramanian and Vijay Aadhinathan.
The film follows the story of a man with tunnel vision# who is slowly going blind and cannot afford the surgery to fix his eyes. When he witnesses a young woman's murder# the suspects offer him large sums of money to remain quiet and he inadvertently gets stuck in between two parties. The film released on 2 September 2016 to positive reviews# following several screenings at film festivals worldwide.,https://upload.wikimedia.org/wikipedia/en/1/1f/Kuttrame_Thandanai_poster.jpg,September 10 2016 (2016-09-10),S. Harihara Naganathan,M. Manikandan,M. Manikandan,Tamil,Vidharth# Aishwarya Rajesh# Pooja Devariya# Rahman,154,8.7
Uchathula Shiva,Uchathula Shiva (English: Shiva on the rise) is a 2016 Tamil action film directed by Jaypee# starring Karan and Neha Ratnakaran in the leading roles. Featuring music composed by VidyaSagar# the film is produced by Karan's wife# Devi Karan and marks the actor's first home production. The film had a theatrical release on 16 September 2016.,http://www.flimnews.com/wp-content/uploads/2015/09/tamil-movie-uchathula-shiva-poster.jpg,September 03 2016 (2016-09-03),Devi Karan,-,Jaypee,Tamil,Karan# Neha Ratnakaran,111,6.5
Yennai Arindhaal,Yennai Arindhaal (English: If You Know Me) is a 2015 Indian Tamil crime-drama film co-written and directed by Gautham Menon# and produced by A. M. Rathnam. The film stars Ajith Kumar# Trisha Krishnan# Anushka Shetty# Arun Vijay# Parvathy Nair and Vivek. The soundtrack album and background score for the film was composed by Harris Jayaraj. The film was edited by Anthony while Dan Macarthur handled the cinematography. Yennai Arindhaal's story follows the journey of man named Sathyadev# from the age of 13 till the age of 38. It is also the final film of Menon's police trilogy of films that began with Kaakha Kaakha (2003) and continued with Vettaiyaadu Vilaiyaadu (2006). The film was released on 5 February 2015.,https://upload.wikimedia.org/wikipedia/en/4/4d/Yennai_Arindhaal.jpg,5 February 2015 (2015-02-05),A. M. Rathnam,Gautham Vasudev Menon ,Gautham Vasudev Menon,Tamil,Ajith Kmar# Arn Vijay# Trisha Krishnan# Anshka Shetty# Parvathy Nair,166,9.5
Thani Oruvan,Thani Oruvan (English: The Lone One) is a 2015 Indian Tamil-language action thriller film directed by Mohan Raja and written by Subha. The film# produced by Kalpathi S. Aghoram# Kalpathi S. Ganesh and Kalpathi S. Suresh under the production company AGS Entertainment# stars Jayam Ravi and Nayanthara. The plot revolves around IPS Officer Mithran who wants to arrest Siddharth Abhimanyu# an affluential scientist who uses hidden illegal medical practices for profit.
The soundtrack was composed by Hiphop Tamizha. The cinematography and editing was handled by Ramji and Gopikrishna respectively. The film was released on 28 August 2015. The film is being remade in Telugu as Dhruva (2016).,https://upload.wikimedia.org/wikipedia/en/f/f1/Thani_Oruvan.jpg,28 August 2015 (2015-08-28),Kalpathi S. Aghoram,Mohan Raja,Mohan Raja,Tamil,Jayam Ravi# Nayantara# Arvind Swamy,200,7.4
Kanchana 2,Kanchana 2 (marketed as Muni 3: Kanchana 2) is a 2015 Tamil horror comedy film produced# written and directed by Raghava Lawrence# who enacted dual roles in it. It is the third installment in the Muni series after Muni 2: Kanchana. The film# also featuring Taapsee Pannu# Nithya Menen and Kovai Sarala in lead roles# released worldwide on 17 April 2015. The Telugu version Ganga was released on 1 May 2015. The film is being remade in Kannada as Kalpana 2 and is due for release in June 2016.,https://upload.wikimedia.org/wikipedia/en/0/06/Muni_3_kanchana_2.jpg,21 August 2015 (2015-08-21),Raghava Lawrence,Raghava Lawrence,Raghava Lawrence,Tamil,Raghava Lawrence# Taapsee Pann# Nithya Menen# Kovai Sarala,104,7.8
Uttama Villain,Uttama Villain (English: The Righteous Villain) is a 2015 Indian Tamil drama-metafilm directed by Ramesh Aravind and written by Kamal Haasan. The film was presented by N. Lingusamy in association with Kamal Haasan and produced by S. Chandrahasan for Raaj Kamal Films International and N. Subash Chandrabose for Thirupathi Brothers Film Media. It features an ensemble cast that includes Kamal Hassan# K. Viswanath# K. Balachander# Jayaram# Andrea Jeremiah# Pooja Kumar# Nassar# Parvathy and Urvashi. Ghibran composed the soundtrack and score.
Principal photography commenced on 3 March 2014. Uttama Villain was released on 2 May 2015 after disputes between producers and financers. The film received positive reviews# but didn't become a big success at box office.,https://upload.wikimedia.org/wikipedia/en/7/7f/Uthama_Villain.jpg,2 May 2015 (2015-05-02),N. Lingusamy,Kamal Haasan,Ramesh Aravind,Tamil,Kamal Haasan# K. Balachander# K. Viswanath# Urvashi# Jayaram# Andrea Jeremiah# Pooja Kmar# Parvathy# Nassar,181,9.9
O Kadhal Kanmani,O Kadhal Kanmani (English: Oh Love# Apple of my Eye)# also known as OK Kanmani# is a 2015 Indian Tamil romantic drama film written# directed and produced by Mani Ratnam. The film stars Dulquer Salmaan and Nithya Menen in the lead roles# portraying a young couple in a live-in relationship in Mumbai. Prakash Raj and Leela Samson play supporting roles as an older couple in the film# portraying the younger couple's landlords. The film was said to be a reflection of the modern mindset of urban India# dealing with issues such as marriage and traditional values.
The film featured music composed by A. R. Rahman# cinematography by P. C. Sreeram and editing by Sreekar Prasad. Prior to the film's release# the soundtrack was well received and the promotional activity of the film on social media# also garnered praise. O Kadhal Kanmani was released on 17 April 2015# along with its dubbed Telugu version OK Bangaram# and won positive reviews from critics# praising the lead pair's performances and the quality of the film's technical aspects. The film went on to become a financial success at the box office# performing extremely well in multiplexes in India and overseas.,https://upload.wikimedia.org/wikipedia/en/8/80/Okay_Kanmani_film_poster.jpg,17 April 2015 (2015-04-17),Mani Ratnam,Mani Ratnam,Mani Ratnam,Tamil,Dlqer Salmaan# Nithya Menen# Prakash Raj# Leela Samson,157,7
Naanum Rowdy Dhaan,Naanum Rowdy Dhaan (English: I am a Rowdy# too) is a 2015 Indian Tamil-language black comedy film written and directed by Vignesh Shivan. Vijay Sethupathi and Nayanthara are in the lead roles. Produced by actor Dhanush under his banner Wunderbar Films# the film features music composed by Anirudh Ravichander. The film was shot in Puducherry and Chennai over 75 days. It was released on 21 October 2015. receiving positive reviews from critics and became a profitable venture at the box office. The film was dubbed into Telugu as Nennu Rowdy Ne.,https://upload.wikimedia.org/wikipedia/en/3/39/Naanum_Rowdy_Dhaan_poster.jpg,21 October 2015 (2015-10-21),Dhanush,Vignesh Shivan,Vignesh Shivan,Tamil,Vijay Sethpathi# Nayantara# Parthiban# Raadhika# RJ Balaji,159,7.8
Vaaimai,Vaaimai is a 2016 Indian Tamil language courtroom drama film written and directed by A. Senthil Kumar. Inspired by the script of Reginald Rose's Twelve Angry Men (1954)# the film features Shanthnu Bhagyaraj and Muktha Bhanu in the lead roles amongst an ensemble cast. Goundamani# Thyagarajan# Ramki# Urvashi# Manoj K. Bharathi# Prithvi Pandiarajan and Poornima Bhagyaraj are also part of the cast. Though production had begun in 2013# the film released following a production delay on 8 September 2016# garnering negative reviews.,https://upload.wikimedia.org/wikipedia/en/f/f8/Vaaimai.jpg,21 October 2015 (2015-10-21),S. Mani,A. Senthil Kumar,A. Senthil Kumar,Tamil,Shanthan Bhagyaraj# Ramki# Gondamani# Thiagarajan# Mktha# Manoj K. Bharathi# Urvashi# Prithvi Pandiarajan# Poornima Bhagyaraj,116,9.2
Anegan,Anegan (English: Multiple Single Person) is a 2015 Indian Tamil romantic thriller film directed by K. V. Anand. The film stars Dhanush# Amyra Dastur and Karthik# with Ashish Vidyarthi# Aishwarya Devan and Jagan in supporting roles. Produced by AGS Entertainment# the film features music composed by Harris Jayaraj# cinematography by Om Prakash and editing by Anthony. The visual effects were handled by V. Srinivas Mohan. The film was released on 13 February 2015# along with its Telugu dubbed version titled Anekudu.
Principal photography commenced on 2 September 2013 at Puducherry. Filming continued in Vietnam# Cambodia# Malaysia and Burma and was completed on 15 September 2014.,https://upload.wikimedia.org/wikipedia/en/8/82/Anegan_Poster.jpg,13 February 2015 (2015-02-13),Kalpathi S Aghoram,Subha,K. V. Anand,Tamil,Dhansh# Karthik# Amyra Dastr# Aishwarya Devan# Jagan# Ashish Vidyarthi,200,6.6
Massu Engira Masilamani,Massu Engira Masilamani (English: Masilamani alias Mass)# also known by its former title Masss# is a 2015 Indian Tamil-language comedy horror film directed by Venkat Prabhu. and produced by K. E. Gnanavel Raja under his then-newly formed studio Aadnah Arts# it features an ensemble cast including Suriya# Nayantara# Parthiban# Samuthirakani# Premgi Amaren and Pranitha Subhash. Yuvan Shankar Raja composed the music and cinematography was handled by R. D. Rajasekhar. The film was released worldwide on 29 May 2015. A Telugu dubbed version# titled Rakshasudu# was released simultaneously in Andhra Pradesh and Telangana.,https://upload.wikimedia.org/wikipedia/en/9/9e/Masss_Film_Poster.jpg,29 May 2015 (2015-05-29),K. E. Gnanavel Raja,Venkat Prabhu,Venkat Prabhu,Tamil,Sriya# Nayantara# Premgi Amaren# Pranitha Sbhash# Riyaz Khan# Parthiban# Samthirakani# Jayaprakash# Aravind Akash,170,4.3
Goli Soda,Banta also known as Fotash Jawl in Bengali# Goli Soda (Goli = spherical object in Hindi) or Goti Soda (Goti = marble in Hindi) is a colloquial term for a carbonated lemon or orange-flavoured soft drink popular in India. Though the origin of its name isn't clear# Banta has been sold since the late 18th century# long before popular carbonated drinks arrived. The drink is often sold mixed with lemon juice# crushed ice# chaat masala and kala namak (black salt) as a carbonated variant of popular lemonades shikanjvi or jal-jeera. It is available at street-sellers known as bantawallahs at prices ranging from ?5 (7.4¢ US) - ?30 (45¢ US).
Similar to Ramune# a Japanese lemon drink# Banta is popular across North India and especially the capital Delhi. In fact# it is known as Delhi’s local drink# nimbu (lemon) soda or kanchay waali drink (kancha = marble in Hindi)# especially in Old Delhi and the Delhi University college campuses. In South India it is known as Goli Soda# due to the goli (marble) in neck of the bottle. The states of Tamil Nadu and Andhra Pradesh have a local variant known as panneer soda that is flavoured with rose essence.,https://upload.wikimedia.org/wikipedia/en/7/7e/Goli_Soda_Poster.jpg,24 January 2014 (2014-01-24),N. Linguswamy,Pandiraj,Vijay Milton,Tamil,Kishore# Sree Raam# Pandi# Mrgesh# Chandini,190,6.9
Kaththi,Kaththi (English: The Knife) is a 2014 Indian Tamil action drama film written and directed by AR Murugadoss. The film stars Vijay in dual roles while Samantha Ruth Prabhu# Neil Nitin Mukesh# Tota Roy Chowdhury and Sathish play supporting roles. Anirudh Ravichander composed the film's soundtrack and score. Cinematography was done by George C. Williams and the film was edited by A. Sreekar Prasad. Lyca Productions and Ayngaran International bankrolled the venture and Eros International purchased the theatrical and audio rights for the film. The story revolves around the tale of Kathiresan and Jeevanantham who are lookalikes and focuses on the issue of farmers committing suicide due to corporate encroachment. The film# which commenced filming in January 2014 in Kolkata# was released on 22 October 2014 worldwide# coinciding with the festival of Deepavali. Upon release# the film opened to mostly positive reviews from critics and was the highest grossing Tamil film of 2014.,https://upload.wikimedia.org/wikipedia/en/9/90/Kaththi_poster.jpg,22 October 2014 (2014-10-22),K. Karunamoorthi,AR Murugadoss,AR Murugadoss,Tamil,Vijay# Samantha Rth Prabh# Neil Nitin Mkesh# Tota Roy Chowdhry# Sathish,156,6.6
Jigarthanda,Jigarthanda (English: Cold Heart) is a 2014 Indian Tamil black comedy-musical gangster film written and directed by Karthik Subbaraj. Produced by Kathiresan's Group Company# it features Siddharth# Bobby Simha and Lakshmi Menon in the lead# while the supporting cast includes Nassar# Ambika# Karunakaran and Sangili Murugan. Gavemic U Ary was the film's cinematographer# making his debut in Tamil cinema# and Vivek Harshan was the film's editor. Santhosh Narayanan composed the songs and background score. The film was produced under Kathiresan's production banner# Group company. It also won two National Film Awards for Best Supporting Actor (Bobby Simha) and Best Editing (Vivek Harshan).
The plot revolves around Karthik (Siddharth)# an assistant director who is thrown out of a reality new filmmakers show# as his short film was disappointing. Heartbroken# Karthik has the support of one of the judges (Aadukalam Naren) who believes he has the stuff to be a great director and is willing to back him if he does a script on a real life gangster.,https://upload.wikimedia.org/wikipedia/en/5/53/Jigarthanda_poster.jpg,1 August 2014 (2014-08-01),Kathiresan,Karthik Subbaraj,Karthik Subbaraj,Tamil,Siddharth# Bobby Simha# Lakshmi Menon# Karnakaran# Gr Somasndaram# Sondararaja# Aadkalam Naren# Vinodhini Vaidyanathan,147,7.9
Velaiilla Pattadhari,Velaiilla Pattadhari (English: Unemployed Graduate)# popularly referred to as VIP# is a 2014 Indian Tamil-language masala film written# directed and filmed by Velraj# in his directorial debut. The film features Dhanush# Amala Paul in the lead roles# while Vivek# Saranya Ponvannan# Samuthirakani and Surabhi play supporting roles.
Dhanush# besides acting# producing and distributing the venture in association with Escape Artists Motion Pictures# also worked as the lyricist and album producer on the film's original soundtrack with composer Anirudh Ravichander# who also composed the film's background score. The film focuses on Raghuvaran# a graduate who is unemployed for four years# and how he gets a job# whilst successfully overcoming various obstacles before and after finding employment.
Principal photography commenced in August 2013 and was completed by May 2014# with the film being shot primarily in Chennai. The film was released on 18 July 2014# and received positive critical reception. The film grossed ? 190.8 million on its opening weekend and earned a worldwide collection ? 530 million during its lifetime run. The film was dubbed into Telugu as Raghuvaran B.Tech# which was released on 1 January 2015.,https://upload.wikimedia.org/wikipedia/en/b/bb/VIP_movie_poster.jpg,10 January 2014 (2014-01-10),Dhanush,Velraj,Velraj,Tamil,Dhansh# Amala Pal,157,9.6
Veeram,Veeram (English: Valour) is a 2014 Indian Tamil action film directed by Siva and produced by Vijaya Productions. The film features Ajith Kumar in the lead role# while an ensemble supporting cast includes Tamannaah# Vidharth# Bala# Santhanam# Nassar# Pradeep Rawat and Abhinaya# among others. Pre-production works had been ongoing since December 2011# with shooting starting in April 2013. The film was released on 10 January 2014. The film received positive reviews from critics.,https://upload.wikimedia.org/wikipedia/en/a/a0/Veeram_poster.jpg,10 January 2014 (2014-01-10),Bharathi Reddy,Siva,Siva,Tamil,Ajith Kmar# Tamannaah# Vidharth# Bala# Santhanam,148,9.8
Kochadaiiyaan,Kochadaiiyaan (English: The king with a long# curly mane) is a 2014 Indian Tamil historical fiction epic film written by K. S. Ravikumar and directed by Soundarya R. Ashwin. It is India's first photorealistic motion capture film# featuring characters whose designs were based on the appearance and likeness of their respective actors. Rajinikanth# also Soundarya's father# enacted and voiced the two lead roles# and one surprise role in the film's final act. Deepika Padukone and Malayalam actress Shobana performed the female leads# whilst Aadhi and Jackie Shroff performed supporting characters. In addition to performing# R. Sarathkumar# Nassar and Rukmini Vijayakumar had also voiced their respective characters. The narrative follows the quest of an 8th-century warrior who seeks revenge after witnessing the unlawful punishment administered to his father# a good-hearted warrior in his kingdom# by the jealous ruler.
The film was the result of a complex development process# starting with the director's idea of directing and co-producing Sultan: The Warrior with Eros International in 2007# which was to feature Rajinikanth as a computer animated character. After cancelling the project due to lack of financial support# Soundarya and Eros turned their attention to producing Rana# which was to be a live-action historical fiction film directed by Ravikumar starring Rajinikanth and Padukone.,https://upload.wikimedia.org/wikipedia/en/9/98/Kochadaiiyaan.jpg,23 May 2014 (2014-05-23),
,K. S. Ravikumar,Soundarya R. Ashwin,Tamil,Rajinikanth# Deepika Padkone# Shobana,186,8.4
Pannaiyarum Padminiyum,Pannaiyarum Padminiyum (English: The Landlord and Padmini) is a 2014 Indian Tamil comedy-drama film based on the same-titled short film directed by debutant S. U. Arun Kumar of Naalaya Iyakunar fame. It features Vijay Sethupathi and Jayaprakash in the lead roles# with Thulasi# Aishwarya Rajesh and Bala Saravanan in supporting roles. Sneha and Attakathi Dinesh appear in brief guest roles. Music for the film was composed by debutant Justin Prabhakaran and editing by A. Sreekar Prasad while the cinematography is by Gokul Binoy.
The film revolves around an old man and his love for his vintage car Premier Padmini. The film began production in January 2013 and released on 7 February 2014 to critical acclaim and positive reviews.,https://upload.wikimedia.org/wikipedia/en/b/bf/Pannaiyarum_Padminiyum.jpg,7 February 2014 (2014-02-07),M. R. Ganesh,-,S. U. Arun Kumar,Tamil,Vijay Sethpathi# Jayaprakash# Aishwarya Rajesh# Bala Saravanan# Thlasi,163,8.2
Sathuranga Vettai,Sathuranga Vettai (English: Chess Hunt/Gambit hunt) is a 2014 Tamil black comedy-heist film written and directed by debutant H. Vinoth# starring Natarajan Subramaniam and Ishaara Nair. Produced by Manobala# it features music by Sean Roldan and cinematography by K. G. Venkatesh. The film# touted to be an indianized con movie# was released by Thiruppathi Brothers Film Media on 18 July 2014 and received positive reviews from critics.,https://upload.wikimedia.org/wikipedia/en/2/23/Sathuranga_Vettai_poster.jpg,18 July 2014 (2014-07-18),Manobala,H. Vinoth,H. Vinoth,Tamil,Natraj# Ishaara Nair# Ponvannan# Ilavaras,99,9
Yaamirukka Bayamey,Yaamirukka Bayamey is a 2014 Indian Tamil horror comedy film written and directed by debutant Deekay and produced by Elred Kumar. The cast includes Kreshna# Rupa Manjari# Karuna# Oviya and Anaswara Kumar. 15 technicians were introduced in the film# which started shooting in Nainital in October. Previously titled as Illa Aanalum Irukku# the film released on 9 May 2014  and received positive reviews. The film was later remade into Kannada as Namo Boothatma. Yaamirukka Bayamey is based on the 1998 Korean film The Quiet Family.,https://upload.wikimedia.org/wikipedia/en/9/9b/Yaamirukka_Bayamey.jpg,9 May 2014 (2014-05-09),Elred Kumar,Deekay,Deekay,Tamil,Kreshna# Rpa Manjari# Karnakaran# Oviya# Anaswara Kmar,134,7.1
Aranmanai,Aranmanai (English: Palace) is an Indian Tamil horror comedy film co-written and directed by Sundar C. The film features an ensemble cast including Sundar C. Vinay Rai# Santhanam# Hansika Motwani# Andrea Jeremiah# Raai Laxmi# Nithin Sathya# Kovai Sarala and Manobala. The film began production by the end of September 2013 and released on 19 September 2014 to highly positive reviews.,https://upload.wikimedia.org/wikipedia/en/c/c6/Aranmanai_Poster.jpg,19 September 2014 (2014-09-19),D. Dinesh Karthik,Venkat Raghavan,Sundar C.,Tamil,Andrea Jeremiah# Vinay Rai# Sndar C.# Hansika Motwani# Raai Laxmi# Santhanam# Nithin Sathya# Kovai Sarala,145,8.4
Meaghamann,Meaghamann (English: Captain of the Ship) is 2014 Tamil action drama film written and directed by Magizh Thirumeni and produced by Hitesh Jabak. The film features Arya and Hansika Motwani in the lead roles# while S Thaman composed the film's music.,https://upload.wikimedia.org/wikipedia/en/c/c8/Meagamann.jpg,21 November 2014 (2014-11-21),Nemichand Jhabak,Magizh Thirumeni,Magizh Thirumeni,Tamil,Arya# Hansika Motwani,138,9.1
Naaigal Jaakirathai,Naaigal Jaakirathai (English: Beware of Dogs) is a 2014 Indian Tamil comedy thriller film# written and directed by Shakti Soundar Rajan featuring Sibiraj and a Belgian Shepherd dog named Idoh in the lead# which is an Indian adaptation of the Hollywood comedy-crime film# Turner & Hooch. The movie was dubbed in Hindi as POLICE AUR TIGER.The film was produced by Sibiraj's father Sathyaraj under the banner Nathambal Film Factory# which had earlier produced Lee. While the music was composed by Dharan Kumar# cinematography was handled by Nizar Shifi and edited by Praveen K. L. Naaigal Jaakirathai received positive reviews from critics# and was one of the most profitable ventures of 2014.,https://upload.wikimedia.org/wikipedia/en/4/43/Naaigal_Jaakirathai.jpg,21 November 2014 (2014-11-21),Sathyaraj,Shakti Soundar Rajan,Shakti Soundar Rajan,Tamil,Sibiraj# Arndhati,144,7.8
Vishwaroopam,Vishwaroopam (titled Vishwaroop in Hindi) is a 2013 Indian spy thriller film written# directed and co-produced by Kamal Haasan# who also enacts the lead role. The film has Rahul Bose# Shekhar Kapur# Pooja Kumar# Andrea Jeremiah and Jaideep Ahlawat in supporting roles. Produced simultaneously as a bilingual in Tamil and Hindi and dubbed into Telugu language as Viswaroopam# the film features a soundtrack composed by Shankar-Ehsaan-Loy# with lyrics produced by Vairamuthu and Haasan himself# while Javed Akhtar translated them for the Hindi version.
Development of the project began after the release of Haasan's Manmadhan Ambu (2010) when several of the crew were brought in from the United States to lend their technical expertise. The direction was taken over by Haasan from Selvaraghavan and reports indicating a comparison with several English films surfaced during the production. The first teaser was revealed in April 2012 and first theatrical trailer was revealed in June 2012 – the Tamil version attracted 682#000 views# Telugu version 20#000 views on YouTube. Vishwaroopam is the first Indian film to utilize the new Auro 3D sound technology. The film was also to be the first Indian film to release via direct-broadcast satellite# also known as direct-to-home (DTH)# but after protests of theatre owners this plan was dropped.,https://upload.wikimedia.org/wikipedia/en/f/f1/Vishwaroopam_poster.jpg,10 May 2013 (2013-05-10),
,Kamal Haasan,Kamal Haasan,
,Kamal Haasan# Rahl Bose# Pooja Kmar# Andrea Jeremiah# Jaideep Ahlawat,125,9.4
Pandiya Naadu,Pandiya Naadu (English: Land of the Pandyans) is a 2013 Indian Tamil thriller-drama film written and directed by Suseenthiran and produced by Vishal. The film features Vishal# Vikranth and Lakshmi Menon in the lead roles# while Bharathiraja and Soori play other pivotal roles. The film has music composed by D. Imman. The film received positive reviews and was successful at the box office. It was dubbed in Hindi as Shiva Ka Badla and in Telugu as Palnadu. The film is being remade in Kannada as Rudra Tandava with Chiranjeevi Sarja.,https://upload.wikimedia.org/wikipedia/en/0/0a/Pandianadu.jpeg,2 November 2013 (2013-11-02),Vishal,Suseenthiran,Suseenthiran,Tamil,Vishal# Bharathiraja# Lakshmi Menon,91,7.5
Soodhu Kavvum,Soodhu Kavvum (English: Evil Engulfs) is a 2013 Tamil black comedy crime film directed by Nalan Kumarasamy. It features Vijay Sethupathi and Sanchita Shetty in the lead roles. The film was released on 1 May. The film's main concept is about how silly talk has engulfed people's day-to-day life and modern society. The film received positive reviews from critics and become a commercial success.,https://upload.wikimedia.org/wikipedia/en/9/93/Soodhu_kavvum.jpg,1 May 2013 (2013-05-01),C V Kumar,-,Nalan Kumarasamy,Tamil,Vijay Sethpathi# Sanchita Shetty,190,7.3
Arrambam,Arrambam (English: Beginning) is a 2013 Indian Tamil thriller drama film directed by Vishnuvardhan. Produced by A. Raghuram and co-written by Subha# the film features Ajith Kumar# Arya# Nayantara and Taapsee Pannu in lead roles. While the score and soundtrack of the film were composed by Yuvan Shankar Raja# the cinematography was handled by Om Prakash and editing by A. Sreekar Prasad.
Following pre-production works for six months and the official announcement of the project in May 2012# filming commenced in June 2012 and was held for the next 15 months. The majority of filming took place in Mumbai# where the story unfolds# while other shooting locations include Chennai# Bangalore# Dubai# Hyderabad# Mahabaleshwar# Jaisalmer# Leh and Ladakh. The film was not titled until it entered post-production and was mostly referred to as Thala 53 or Valai# a supposed working title. The film was released on 31 October 2013 and emerged a box-office success.,https://upload.wikimedia.org/wikipedia/en/5/55/Arrambam.jpg,31 October 2013 (2013-10-31),A. M. Rathnam,
,Vishnuvardhan,-,Ajith Kmar# Arya# Nayantara# Taapsee Pann,108,8.8
Neram,Neram (English: Time) is a 2013 Indian bilingual black comedy-thriller film# written# directed and edited by Alphonse Putharen in his directorial debut. Simultaneously made in the Malayalam and Tamil languages# it stars Nivin Pauly# Nazriya Nazim and Bobby Simha in both versions. Supporting roles were played by Manoj K. Jayan# Shammi Thilakan# and Lalu Alex in Malayalam and Nassar# Thambi Ramiah# John Vijay and Shabareesh Varma portrayed the characters in Tamil. The whole film is set within one day in Chennai. The music was scored by debutant Rajesh Murugesan while Anand C. Chandran handled the cinematography. The Malayalam version released on 10 May 2013# while the Tamil version released on 17 May. The film's both versions received positive reviews upon release. The film was a commercial success at the box-office.,https://upload.wikimedia.org/wikipedia/en/c/cd/Neram_poster_for_Malayalam_and_Tamil.jpg,17 May 2013 (2013-05-17),Koral Viswanathan,Alphonse Putharen,Alphonse Putharen,Malayalam,Nivin Paly# Nazriya Nazim# Bobby Simha# Ramesh Thilak,134,7.7
Aadhalal Kadhal Seiveer,Aadhalal Kadhal Seiveer (English: Therefore# Go Ahead and Love# Tamil: ?????? ????? ????????) is a 2013 Indian Tamil romantic drama film directed by Suseenthiran. It features debutant Santhosh Ramesh (Singanamala Ramesh's second son) and Manisha Yadav of Vazhakku Enn 18/9 fame in the lead roles. It is produced by Nallu Studios and music by Yuvan Shankar Raja. Cinematography is by Soorya.A.R# editing by Antony# stunts by Anal Arasu# lyrics by Vaali and Yugabharathi. The film released with highly positive reviews. The film was declared Hit at the boxoffice.,https://upload.wikimedia.org/wikipedia/en/b/b7/Aadhalal_Kadhal_Seiveer.jpg,15 August 2013 (2013-08-15),Thai Saravanan,Clinton,Suseenthiran,Tamil,Santosh Ramesh# Manisha Yadav,127,7.7
Kedi Billa Killadi Ranga,Kedi Billa Killadi Ranga is a 2013 Tamil coming-of-age comedy film written# directed and co-produced by Pandiraj. It features Vimal and Sivakarthikeyan in lead roles# alongside Bindu Madhavi and Regina Cassandra. Yuvan Shankar Raja composed the soundtrack. The film released on 29 March 2013 and received very high positive responses from critics as well as audiences. It successfully completed 100 days in many theatres in Tamil Nadu. The film was remade in Kannada as Katte with Nagashekhar and Chandan.,https://upload.wikimedia.org/wikipedia/en/7/70/Kedi-Billa-Killadi-Ranga1.jpg,29 March 2013 (2013-03-29),Pandiraj,-,Pandiraj,Tamil,Vimal# Sivakarthikeyan# Bind Madhavi# Regina Cassandra,190,8.9
Thalaivaa,Thalaivaa (English: Leader) is a 2013 Indian Tamil-language crime-drama film written and directed by A. L. Vijay. It stars Vijay# Amala Paul and Abhimanyu Singh# with Sathyaraj and Santhanam in supporting roles. The film# produced by Chandraprakash Jain# features background score and soundtrack composed by G. V. Prakash Kumar with cinematography and editing handled by Nirav Shah and Anthony respectively. The story revolves around a dancer who takes over his father's duty as a crime boss after his death.
The film# which commenced production in November 2012 in Mumbai# was released on 8 August 2013. The film was also released in Telugu under the title Anna in Andhra Pradesh. The film has also been dubbed into Hindi as Thalaivaa — The Leader by Goldmines Telefilms.,https://upload.wikimedia.org/wikipedia/en/d/d5/Thalaivaa_film_official_poster.jpg,8 August 2013 (2013-08-08) ,S. Chandraprakash Jain,A. L. Vijay,A. L. Vijay,Tamil,# Vijay# Amala Pal# Sathyaraj# Abhimany Singh# Santhanam# ,179,7.3
Thanga Meenkal,Thanga Meenkal (English: Gold Fish) is a 2013 Indian Tamil coming-of-age drama film co written and directed by Ram and story written by Ram and his daughter Shri Sankara Gomathy Ram# directing his second film after Kattradhu Thamizh. Ram# besides# played the lead role as well alongside newcomers Sadhana and Shelly Kishore. A joint production of Gautham Menon's Photon Kathaas and R. S. Infotainment# the film features score and soundtrack composed by Yuvan Shankar Raja. The film's shooting commenced in mid-January 2011 and was completed by late 2011. Thanga Meenkal released on 30 August 2013.
The film opened to positive reviews from critics# but was declared as an average grosser by box office analysts. It won three prizes at the 61st National Film Awards including Best Tamil film award. It was the only Tamil film to be screened at Indian Panorama in International Film Festival of India# IFFI# Goa# 2013.,https://upload.wikimedia.org/wikipedia/en/f/fb/Thanga_meenkal.jpg,30 August 2013 (2013-08-30),Gautham Menon,Ram,Ram,Tamil,Ram# Sadhana# Shelly Kishore,136,7.7
Moodar Koodam,Moodar Koodam (English: Fools Gathering) is a 2013 Tamil musical black comedy film written# produced and directed by debutante director Naveen. The film stars the director himself alongside newcomers Sendrayan# Rajaji and Kuberan. Oviya# Anupama Kumar and Jayaprakash play other pivotal roles. The film was produced by director Naveen himself under the White Shadows Productions banner with Pandiraj releasing the movie through his Pasanga Productions. The music is by Natarajan Sankaran. This film received positive reviews.,https://upload.wikimedia.org/wikipedia/en/e/ee/Moodar_Koodam.jpg,1 August 2013 (2013-08-01) ,Naveen,Naveen,Naveen,Tamil,Naveen# Sendrayan# Rajaj# Oviya,114,8.7
Endrendrum Punnagai,Endrendrum Punnagai (English: Everlasting Smile) is a 2013 Indian Tamil coming-of-age comedy-drama film written and directed by I. Ahmed starring Jiiva# Trisha Krishnan# Vinay Rai and Santhanam. The film has music by Harris Jayaraj and cinematography by R. Madhi. The film was launched officially in Chennai on 29 June 2012. Upon its release on 20 December 2013# the film met with positive reviews from critics and became a commercial success.,https://upload.wikimedia.org/wikipedia/en/c/c1/Endrendrum_punnagai.jpg,20 December 2013 (2013-12-20),G.K.M. Tamil Kumaran,I. Ahmed,I. Ahmed,Tamil,# Jiiva# Trisha Krishnan# Vinay Rai# Santhanam# Andrea Jeremiah# ,159,7.9
Irandaam Ulagam,Irandaam Ulagam (English: Second World) is an Indian Tamil romantic fantasy film written and directed by Selvaraghavan. Starring Arya and Anushka Shetty# the film features soundtrack composed by Harris Jayaraj# background score by Anirudh Ravichander and cinematography handled by Ramji. The film was dubbed in Telugu (as Varna). After several months of production# the film was released worldwide on 22 November 2013. It opened to mixed reviews.,https://upload.wikimedia.org/wikipedia/en/f/f7/Irandam_Ulagam.jpg,22 November 2013 (2013-11-22),Prasad V. Potluri,Selvaraghavan,Selvaraghavan,Tamil,Arya# Anshka Shetty,103,6.8
All in All Azhagu Raja,All in All Azhagu Raja (2013) is a Tamil romantic comedy film written and directed by M. Rajesh. It featured Karthi# Prabhu# Kajal Aggarwal and Santhanam. The film was released on 2 November 2013 and received negative reviews and became a flop at boxoffice.,https://upload.wikimedia.org/wikipedia/en/0/05/All_in_All_Azhagu_Raja_poster.jpg,2 November 2013 (2013-11-02),K. E. Gnanavel Raja,M. Rajesh,M. Rajesh,Tamil,Karthi# Prabh# Kajal Aggarwal# Santhanam# Radhika Apte,185,9.8
Thuppakki,Thuppakki (English: The Gun) is a 2012 Indian Tamil-language action film written and directed by AR Murugadoss. It features Vijay and Kajal Aggarwal in the lead roles# Vidyut Jammwal as the antagonist# as well as Jayaram and Sathyan in supporting roles. The film# produced by S. Thanu# features background score and soundtrack composed by Harris Jayaraj with cinematography handled by Santhosh Sivan# who with Thuppakki# introduced the Arri Alexa camera to Indian cinema. The story revolves around an Indian army intelligence officer from a Mumbai-based Tamil family on a mission to track down and destroy a terrorist group and deactivate the sleeper cells under its command.
The film# which commenced production in December 2011 in Mumbai# was released on 13 November 2012# coinciding with the festival of Diwali. Upon release# the film became the highest grossing Tamil film of 2012. The film was also released in Telugu under the same title in Andhra Pradesh# where it was also very well received. Thuppakki went on to win six Vijay Awards from sixteen nominations# and was nominated for seven South Filmfare Awards# including Best Film (Tamil)# Best Director (Tamil) and Best Actor (Tamil).,https://upload.wikimedia.org/wikipedia/en/b/be/Thuppakki_poster.jpg,13 November 2012 (2012-11-13),Kalaipuli S. Thanu,AR Murugadoss,AR Murugadoss,Tamil,# Vijay# Kajal Aggarwal# Sathyan# Vidyt Jamwal# ,93,7.1
Maattrraan,Maattrraan (English: Alternate) is a 2012 Tamil science fiction thriller film co-written and directed by K. V. Anand and produced by Kalpathi S. Aghoram. It stars Suriya who portrays conjoined twins# along with Kajal Aggarwal in lead roles while Sachin Khedekar and Tara play supporting roles. Maattrraan released worldwide on 12 October 2012.,https://upload.wikimedia.org/wikipedia/en/1/17/Maattrraan.jpg,12 October 2012 (2012-10-12),Kalpathi S. Aghoram,Subha,K. V. Anand,Tamil,Sriya# Kajal Aggarwal# Sachin Khedekar# Tara,125,6.4
Kadhalil Sodhappuvadhu Yeppadi,Kadhalil Sodhappuvadhu Yeppadi (How to Mess Up in Love) is a 2012 Indian romantic comedy film based on the same-titled short film directed by debutant Balaji Mohan. It was simultaneously shot in Tamil and Telugu (titled Love Failure) languages. The film stars Siddharth and Amala Paul in the lead roles. It was released worldwide on 17 February 2012 to critical acclaim and was declared a hit.,https://upload.wikimedia.org/wikipedia/en/7/7e/Kadhalil_Sodhappuvadhu_Eppadi.jpg,17 February 2012 (2012-02-17),Sasikanth Sivaji,Balaji Mohan,Balaji Mohan,Tamil,Siddharth# Amala Pal,118,6.6
Kalakalappu,Kalakalappu is a 2012 Indian Tamil comedy film co-written co-produced and directed by Sundar C. and produced by his wife Kushboo Sundar. It features Vimal# Shiva# Anjali# Oviya and Santhanam in lead roles and music composed by Vijay Ebenezer. It was originally titled Masala Cafe# but was later renamed to Kalakalappu. The film released on 11 May 2012. The film is 25th directorial venture for Sundar.C.The film was remade in Telugu as Jump Jilani starring Allari Naresh.,https://upload.wikimedia.org/wikipedia/en/e/eb/Kalakalappu_Movie_Posters.jpg,11 May 2012 (2012-05-11),Ronnie Screwvala,Badri,Sundar C.,Tamil,Vimal# Shiva# Anjali# Oviya# Santhanam# John Vijay# Ilavaras,135,9.5
Thaandavam,Thaandavam is a 2012 Indian Tamil action thriller film written and directed by A. L. Vijay# starring Vikram# Jagapati Babu# Anushka Shetty# Amy Jackson and Lakshmi Rai. It is produced by UTV Motion Pictures and features music composed by G. V. Prakash Kumar. Thaandavam was released worldwide on 28 September 2012. Its dubbed Telugu version# Siva Thaandavam# was released on 5 October 2012. Later on# in 2015# the film was also dubbed and released in Hindi under the title Desh Prem The Real Hero.,https://upload.wikimedia.org/wikipedia/en/5/5b/Thaandavam_Promo_Poster.jpg,28 September 2012 (2012-09-28),
,A. L. Vijay,A. L. Vijay,Tamil,# Vikram# Jagapati Bab# Anshka Shetty# Amy Jackson# Lakshmi Rai# ,186,9.3
Vettai,Vettai (English: Hunt) is a 2012 Indian Tamil action film written and directed by N. Linguswamy. The film stars Arya# R. Madhavan# Sameera Reddy and Amala Paul in the lead roles while Ashutosh Rana# Thambi Ramaiah and Nassar played supporting roles. The film score is composed by Yuvan Shankar Raja# while cinematography is by Nirav Shah and editing handled by Anthony Gonsalves. The film became announced shortly after the release of Lingusamy's Paiyaa# with Dhayanidhi Alagiri's Cloud Nine Movies agreeing to produce the film# following a successful collaboration during the director's previous film. During a lengthy pre-production phase# the film underwent major changes in its main cast and Cloud Nine Movies stepped out of the project# with Linguswamy's own banner# Thirupathi Brothers# taking up the film. Filming was initially planned to begin by mid-2010# but was delayed until March 2011. The film was later remade into Telugu as Tadakha by Kishore Kumar and in Bengali as Hitman by Sumon.
The film revolves around two brothers# the elder being sensitive to violence and the younger being a jobless rogue# settled in Thoothukudi.,https://upload.wikimedia.org/wikipedia/en/3/34/Vettai-poster06.jpg,14 January 2012 (2012-01-14),N. Subash Chandra Bose,Brinda Sarathy,N. Linguswamy,Tamil,Arya# R. Madhavan# Sameera Reddy# Amala Pal,178,8.9
Leelai,Leelai (English: Play) is a 2012 Tamil romantic comedy film directed by Andrew Louis and produced by Ramesh Babu. It stars débutantes Shiv Pandit and Manasi Parekh in lead roles along with Santhanam and Suhasini Raju in pivotal roles. The film which began in May 2008# opened after production delays on 27 April 2012 to positive reviews.,https://upload.wikimedia.org/wikipedia/en/3/3d/Leelai_-_Poster.jpg,2 August 2012 (2012-08-02),Ramesh Babu,Andrew Louis,Andrew Louis,Tamil,# Shiv Pandit# Manasi Parekh# ,184,9.9
Saattai,Saattai is a 2012 Indian Tamil drama film written and directed by M. Anbazhagan. The film features Samuthirakani and Thambi Ramaiah in pivotal roles. The film's soundtrack and background score were composed by D. Imman. The film received positive reviews from critics.The shooting took place in NLC. This film is said to have Inspired from the 2011 Malayalam hit Manikyakallu starring Prithviraj and Samvrutha Sunil.,https://upload.wikimedia.org/wikipedia/en/6/6a/Saattai_poster.jpg,21 September 2012 (2012-09-21),Prabhu Solomon,-,M.Anbazhagan,Tamil,# Samthirakani# Thambi Ramaiah# Yvan# Mahima Nambiar# Jnior Balaiah# Swasika# Tony Christopher# ,182,8.5
Thadaiyara Thaakka,Thadaiyara Thaakka (English: Breaking all Barriers) is a 2012 Tamil action thriller film written and directed by Magizh Thirumeni who earlier directed Mundhinam Paartheney. The film stars Arun Vijay and Mamta Mohandas. The film released on 1 June 2012 to positive reviews from critics.,https://upload.wikimedia.org/wikipedia/en/4/42/Thadaiyara_Thaakka.jpg,1 June 2012 (2012-06-01),N. S. Mohan,Magizh Thirumeni,Magizh Thirumeni,Tamil,Arn Vijay# Mamta Mohandas# Rakl Preet Singh,123,7.8
Neethaane En Ponvasantham,Neethaane En Ponvasantham (English: You Are My Golden Springtime) is a 2012 Indian Tamil romance film co-written and directed by Gautham Menon# featuring Jiiva and Samantha in the lead roles. The film is based on a story written by Reshma Ghatala# who produced the film alongside Elred Kumar# Jayaraman# Venkat Somasundaram and Menon. The film's score and soundtrack were composed by Ilaiyaraaja# while cinematography was handled by M. S. Prabhu and Om Prakash.
Neethaane En Ponvasantham tells the love story of Varun (Jiiva) and Nithya (Samantha) through three stages of their life; their school days# college life and then in their late twenties. The venture was simultaneously shot in Telugu as Yeto Vellipoyindhi Manasu# which features Nani playing Jiiva's role# while the team also briefly filmed an incomplete Hindi version with Aditya Roy Kapoor# with Samantha playing the leading female role in all three versions. The film was released on 14 December 2012# receiving positive to mixed reviews from critics# before enduring an average run at the box office.
The film was praised for its music and the chemistry between the lead actors; Jiiva and Samantha were appreciated for their performances# although the film's screenplay was criticised. At the end of its theatrical run Neethane En Ponvasantham received a number of awards# including the Filmfare Award for Best Tamil Actress for Samantha.,https://upload.wikimedia.org/wikipedia/en/c/c4/Neethaane_En_Ponvasantham_poster.jpg,14 December 2012 (2012-12-14),Reshma Ghatala,Reshma Ghatala,Gautham Vasudev Menon,Tamil,Jiiva# Samantha Rth Prabh,196,6.9
Mugamoodi,Mugamoodi (English: The Mask) is a 2012 Indian Tamil martial arts superhero film written and directed by Mysskin that features Jiiva# Pooja Hegde and Narain in lead roles. It is the first Tamil super-hero movie. The film was declared an Average grosser by the Box Office# grossing around Rs 55 crores on a budget of Rs 20 crores# with additional revenues from music and TV sales. The film is about a man who cannot tolerate injustice and corruption and hence turns into a vigilante to fight against it for a better society. This film was dedicated to Bruce Lee. With mixed critical response the film was released on 31 August 2012# along with its dubbed Telugu version titled Mask. It has also been dubbed in Hindi as Mahabali Ek Super Hero.,https://upload.wikimedia.org/wikipedia/en/b/b6/Mugamoodi-poster.jpg,31 August 2012 (2012-08-31),Ronnie Screwvala,Mysskin,Mysskin,Tamil,# Jiiva# Narain# Pooja Hegde# Nassar# Selva# ,115,8.8
Mankatha,Mankatha is a 2011 Indian Tamil-language black comedy action-heist film# written and directed by Venkat Prabhu. It features Ajith Kumar in the lead role# starring in his 50th film# along with an ensemble cast including Arjun Sarja# Trisha Krishnan# Vaibhav Reddy# Lakshmi Rai# Andrea Jeremiah# Premji Amaren# Mahat Raghavendra and Anjali. It was produced by Dhayanidhi Alagiri's Cloud Nine Movies while Yuvan Shankar Raja composed the musical score and soundtrack# with Sakthi Saravanan working as the cinematographer and the duo Praveen K. L. and N. B. Srikanth as editors. The story# set in Mumbai# revolves around a heist of cricket betting money# executed by a gang of four thieves# who are joined by a fifth unknown man# and its aftermath.The film became a blockbuster very soon and became the first salt and pepper hit for Venkat Prabhu after which he continued the same style in all his upcoming films.
The film was formally launched in August 2010# with its principal photography beginning on 25 October 2010. Filming was held for more than eight months and took place primarily across Chennai# the Dharavi slum in Mumbai and Bangkok# Thailand. Following speculations regarding the film's release# Sun Pictures acquired the theatrical rights and distributed the film via Raadhika Sarathkumar's Radaan Mediaworks. Mankatha released on 31 August 2011 worldwide to generally positive reviews and grossed the second biggest opening of all time after Endhiran at the time of release.,https://upload.wikimedia.org/wikipedia/en/2/24/Mankathathefilm01.jpg,9 September 2011 (2011-09-09),Dhayanidhi Alagiri,-,Venkat Prabhu,Tamil,Ajith Kmar# Arjn Sarja# Trisha Krishnan# Vaibhav Reddy# Ashwin Kakman# Premji Amaren# Mahat Raghavendra# Lakshmi Rai# Anjali# Andrea Jeremiah# Jayaprakash# Aravind Akash,119,9.5
Aadukalam,Aadukalam (English: Arena) is a 2011 Indian Tamil-language drama film written and directed by Vetrimaran. The film stars Dhanush# Taapsee Pannu# V. I. S. Jayapalan and Kishore. The film was released on 14 January 2011 to positive critical feedback. The film won six awards at the 58th National Film Awards# including Best Director# Best Screenplay and Best Actor. The film was also felicitated with five awards in 59th Filmfare Awards South - Best Film# Best Director# Best Actor# Best Music Director and Best Cinematography. Based on an online poll by The Times of India# Vetri Maaran was chosen as the best director for Aadukalam. The Telugu dubbed version Pandem Kollu released on 30 January 2015.,https://upload.wikimedia.org/wikipedia/en/4/42/Aadukalam.jpg,14 January 2011 (2011-01-14),S. Kathiresan,Vetrimaran,Vetrimaran,Tamil,Dhansh# Taapsee Pann# V. I. S. Jayapalan,100,7.7
Velayudham,Velayudham is a 2011 Indian Tamil action masala film written and directed by M. Raja. It stars Vijay in the title roles# alongside Hansika Motwani as the female lead# Abhimanyu Singh#Genelia D'Souza# Saranya Mohan and Santhanam in supporting roles.
The film revolves around a villager who arrives in the city to collect money# is forced to take upon the disguise of superhero and starts to eradicate the evils that pertains within the society such as corruption# prostitution# terrorism etc. In the process# he loses his younger sister. The rest of the story is how Velu avenges the death of his sister and thwarts the plans of a terrorist and an evil minister who is behind the misdeeds.
Velayudham released on 26 October 2011 to positive reviews and became the third highest grossing Tamil film of 2011 and became a major commercial success among Tamil Diwali releases despite competition with 7aum Arivu. The movie went on to complete its 100-day theatrical run on 3 February 2012 at many centers and was declared a blockbuster. This movie is a remake of Telugu movie Azad starring Nagarjuna Akkineni.,https://upload.wikimedia.org/wikipedia/en/e/ef/Velayutham_poster.jpg,26 October 2011 (2011-10-26),V. Ravichandran,Subha,M. Raja,Tamil,Vijay# Hansika Motwani# Genelia DSoza# Abhimany Singh# Saranya Mohan# Santhanam# Soori# Vineet Kmar,132,7.5
Mayakkam Enna,Mayakkam Enna (English: What is this illusion?) is a 2011 Tamil musical film written and directed by Selvaraghavan and produced by Gemini Film Circuit in association with Aum Productions Selvaraghavan its own banner. It stars his brother Dhanush# along with newcomer Richa Gangopadhyay# and features music scored by G. V. Prakash Kumar while the cinematography was handled by Ramji. Mayakkam Enna depicts the story of an aspiring wildlife photographer and his struggles in life. The film# produced and distributed by Gemini Film Circuit# was released on 25 November 2011. after originally being slated to air on the same day as Osthi. The movie was a hit at box office.,https://upload.wikimedia.org/wikipedia/en/e/ef/Mayakkam_Enna_Promo.JPG,25 November 2011 (2011-11-25),Dineshkumar,Selvaraghavan,Selvaraghavan,Tamil,Dhansh# Richa Gangopadhyay,102,9.8
Engaeyum Eppothum,Engaeyum Eppothum (Anywhere# Anytime) is a 2011 Tamil romantic drama film written and directed by newcomer M. Saravanan. Starring Jai# Anjali# Sharwanand and Ananya# it was produced by A R Murugadoss in association with Fox Star Studios# marking the studio's entry into Tamil cinema. Engeyum Eppodhum illustrates two love stories—one set against the backdrop of Chennai and the other in Tiruchi—which join together in the climax. The film released on 16 September 2011# to very positive reviews# going on to become a critical and commercial success. The film was dubbed into Telugu as Journey and released on 16 December 2011.,https://upload.wikimedia.org/wikipedia/en/b/b0/Engaeyum_Eppothum.jpg,16 September 2011 (2011-09-16),A R Murugadoss,M Saravanan,M Saravanan,Tamil,Jai# Anjali# Sharvanand# Ananya,192,9.6
Kaavalan,Kaavalan (English: Bodyguard) is a 2011 Tamil romantic comedy film written and directed by Siddique# starring Asin and Vijay in the lead roles. The film is a remake of Siddique's previous Malayalam film Bodyguard. It features Rajkiran# Mithra Kurian# Roja and Vadivelu in supporting roles with musical score composed by Vidyasagar. The film's principal shoot commenced in April 2010 and was completed by November 2010. The Movie was selected to be screened at the Shanghai International Film Festival out of many projects submitted by India. The Songs Composed by Vidyasagar were topping the charts. The film ran for 100 days in theatres.,https://upload.wikimedia.org/wikipedia/en/4/45/Kaavalan_Vijay_Asin_Poster.jpg,15 January 2011 (2011-01-15),C.Romesh Babu,Siddique,Siddique,Tamil,Asin# Vijay# Rajkiran# Mithra Krian# Vadivel# Roja Selvamani,152,9.1
Vaagai Sooda Vaa,Vaagai Sooda Vaa (Tamil: ???? ??? ??; English: Come to crown us) is a 2011 Tamil romantic dramedy film directed by A. Sarkunam# directing his second film after Kalavani. It features Vimal and newcomer Iniya in the lead roles# with Bhagyaraj# Ponvannan and Thambi Ramaiah playing supporting roles. The film is a period piece set in the 1960s in a remote village in Tamil Nadu. The film released on 30 September 2011 to generally positive reviews. Subsequently# the film was honored with the National Film Award for Best Feature Film in Tamil for 2012.,https://upload.wikimedia.org/wikipedia/en/6/68/Vaagai-Sooda-Vaa-Stills-006.jpg,30 September 2011 (2011-09-30),S. Muruganandham,Sarkunam,A. Sarkunam,Tamil,Vimal# Iniya# Bhagyaraj# Ponvannan,119,8.2
Poraali,Poraali (Tamil: ??????; English: The Warrior) is an Indian Tamil film written and directed by Samuthirakani# starring M. Sasikumar in the lead role. The film# also featuring Telugu actors Allari Naresh and Swati alongside Niveda# Vasundhara and Ganja Karuppu in pivotal roles# released on 1 December 2011. Poraali illustrates an astute fighter who can take on a large# greedy group.,https://upload.wikimedia.org/wikipedia/en/7/79/Poraali_poster.jpg,1 December 2011 (2011-12-01),M. Sasikumar,Samuthirakani,Samuthirakani,Tamil,# M. Sasikmar# Allari Naresh# Swati# Niveda# Vasndhara Kashyap# ,196,9.8
Rajapattai,Rajapattai (Tamil: ?????????; English: King's path) is a 2011 Tamil masala film directed by Suseenthiran based on a story by Seenu Vasan. Featuring Vikram and Deeksha Seth in the lead roles and music composed by Yuvan Shankar Raja# the film is produced by Prasad V. Potluri's newly launched PVP Cinema on a budget of ? 400 million. The story revolves around the issue of land grabbing and how the protagonist becomes involved in it. The film was also dubbed into Telugu and was released as Veedinthe on 30 December. The film received largely negative reviews and was flop at the box office.,https://upload.wikimedia.org/wikipedia/en/0/0f/Rajapattai.jpg,23 December 2011 (2011-12-23),Prasad V. Potluri,Bhaskar Sakthi,Suseenthiran,Tamil,Vikram# Deeksha Seth# K. Vishwanath,98,9.8
Vandhaan Vendraan,Vanthaan Vendraan (English: He Came# He Won) is an Indian Tamil crime thriller# written and directed by R. Kannan that stars Jiiva# Nandha and Taapsee Pannu in lead roles. Principal photography began on 27 August 2010# and the film released on 16 September 2011 to mixed reviews.,https://upload.wikimedia.org/wikipedia/en/0/0d/VandhaanVendraanposter.jpg,16 September 2011 (2011-09-16),K. S. Sreenivasan,R. Kannan,R. Kannan,Tamil,# Jiiva# Nandha# Taapsee Pann# Rahman# Santhanam# ,99,9.4
Veppam,Veppam (English: Heat) is a 2011 Indian Tamil action thriller written and directed by newcomer Anjana Ali Khan# starring Nani# Karthik Kumar# Bindu Madhavi and Nithya Menen. The story narrates events from the slum areas of Chennai# showcasing characters and their struggles. The film# jointly produced by Gautham Menon's Photon Kathaas and R. S. Infotainment# had been in production for over one year. The film released on 29 July 2011# while a dubbed Telugu version# titled Sega# released simultaneously in Andhra Pradesh. Veppam received mixed reviews.,https://upload.wikimedia.org/wikipedia/en/e/e1/Veppam_poster.jpg,29 July 2011 (2011-07-29),Gautham Menon,Anjana Ali Khan. ( DiaIouges I.Prabu),Anjana Ali Khan,Tamil,Nani# Karthik Kmar# Bind Madhavi# Nithya Menen,181,7.8
Enthiran,Enthiran (English: Robot) is a 2010 Indian Tamil-language science fiction film directed by S. Shankar and co-written by him and Sujatha Rangarajan. The film stars Rajinikanth and Aishwarya Rai in lead roles; Danny Denzongpa# Santhanam and Karunas play supporting roles. The soundtrack album and background score were composed by A. R. Rahman while the dialogues# cinematography# editing and art direction were handled by Madhan Karky# R. Rathnavelu# Anthony and Sabu Cyril respectively.
The story revolves around the struggle of scientist Dr. Vaseegaran (played by Rajinikanth) to control his creation# an android named Chitti (also played by Rajinikanth)# after Chitti's software is upgraded to give it the ability to comprehend and exhibit human emotions. The project backfires when the robot falls in love with the scientist's girlfriend (Rai)# and is manipulated by Bohra (Denzongpa)# a rival scientist# into becoming homicidal.
After being stalled in the development phase for nearly a decade# the film's principal photography began in 2008 and lasted two years. Enthiran marked the debut of Legacy Effects studio (which was responsible for the film's prosthetic make-up and animatronics) in Indian cinema.,https://upload.wikimedia.org/wikipedia/en/0/0f/Enthiran_poster.jpg,1 October 2010 (2010-10-01),Kalanithi Maran,
,S. Shankar,Tamil,# Rajinikanth# Aishwarya Rai# ,192,6.5
Paiyaa,Paiyaa (English: Boy) is a 2010 Indian Tamil-language romantic road action film written# produced and directed by N. Linguswamy. It stars Karthi and Tamannaah# with Milind Soman# Sonia Deepti and Jagan appearing in supporting roles. The film follows the journey of two strangers – a jobless carefree man# living in Bangalore# and a woman with whom he has fallen in love. Upon the woman's request# he drives her to Mumbai# while a group of gangsters follow them# planning to kidnap the woman. Meanwhile# the man also has a past in the city and he goes there to sort it out.
The film# produced by N. Subash Chandra Bose under the banner of Thirupathi Brothers and distributed by Dhayanidhi Alagiri's Cloud Nine Movies# features a film score and soundtrack composed by Yuvan Shankar Raja# cinematography by Madhi and editing by Anthony Gonsalves. Following a lengthy pre-production phase# during which the film underwent major changes in its main cast and its technical crew# it began shooting in December 2008 at various locations throughout South India# most notably in Karnataka# Andhra Pradesh and Maharashtra. The film was released on 2 April 2010 to predominantly positive reviews and was commercially successful.,https://upload.wikimedia.org/wikipedia/en/d/d8/Paiyaa_poster.jpg,2 April 2010 (2010-04-02),N. Subash Chandra Bose,Brinda Sarathy,N. Linguswamy,Tamil,# Karthi# Tamannaah# Milind Soman# Sonia Deepti# Jagan# ,128,9.2
Mynaa,Mynaa (Tamil: ????; Myna; Telugu: Prema Khaidhi) is a 2010 Indian Tamil romantic drama film directed and written by Prabu Solomon. Jointly distributed by Udhayanidhi Stalin and Kalpathi S. Aghoram# it stars Vidharth and Amala Paul in the lead roles. Featuring an acclaimed soundtrack by D. Imman# the film# which garnered much anticipation prior to release# released on 5 November 2010# coinciding with the Diwali festival# receiving critical acclaim and going on to win the Best Film Award at the 58th Filmfare Awards South. Actor Thambi Ramaiah went on to win the National Film Award for Best Supporting Actor in 2011. The film was dubbed in Telugu as Prema Khaidhi.it was remade into kannada as Shyloo in 2011. The film is being remade in Hindi cinema by Prabhu Solomon# produced by Fox Star Studios Mynaa became a major success among 2010 Deepavali releases and was released along with Uthamaputhiran. A Bengali remake of this movie named PoraMon starring Symon# Mahiya Mahi And Anisur Rahman Milon was released on 14 June 2013.,https://upload.wikimedia.org/wikipedia/en/c/c5/Mynaa_poster.jpg,5 November 2010 (2010-11-05),John Max,Prabu Solomon,Prabhu Solomon,Tamil,# Vidharth# Amala Pal# ,147,9.5
Madrasapattinam,Madharasapattinam (English: Madras Town) is a 2010 Indian Tamil period drama film# written and directed by A. L. Vijay. The film stars Arya and Amy Jackson# while Nassar# Cochin Hanifa and Alexx O'Nell play other prominent roles. The film released on 9 July 2010. It was later dubbed into Telugu and released in Andhra Pradesh as 1947: A Love Story.,https://upload.wikimedia.org/wikipedia/en/6/60/Madrasapattinam_Poster.jpg,9 July 2010 (2010-07-09),Kalpathi S. Aghoram,A. L. Vijay,A. L. Vijay,Tamil,Arya# Amy Jackson# Nassar# Alexx ONell,184,8.4
Manmadan Ambu,Manmadan Ambu (Cupid's Arrow) is a 2010 Indian Tamil romantic comedy film directed by K. S. Ravikumar. Written by Kamal Haasan# it stars himself alongside R. Madhavan and Trisha Krishnan in the lead roles# while featuring Ramesh Arvind# Sangeetha# Manju Pillai and Urvashi among others in supporting roles. The film features music composed by Devi Sri Prasad# with several songs written and sung by Kamal Haasan himself# while Manush Nandan and Shan Mohammed made their debut as cinematographer and editor.
After significant pre-production which included rehearsals of the entire script before filming# the film was extensively shot across Europe and on a cruise ship# whilst scenes were also canned across Chennai and Kodaikanal. It was produced by Udhayanidhi Stalin# Manmadan Ambu released worldwide on 23 December 2010. It was dubbed into Telugu as Manmadha Banam and distributed by Gemini Film Circuit. Upon release# the film opened to mixed reviews and had an average run at the box office.,https://upload.wikimedia.org/wikipedia/en/c/c2/Manmadhan_ambu.jpg,23 December 2010 (2010-12-23),Udhayanidhi Stalin,Kamal Haasan,K. S. Ravikumar,Tamil,Kamal Haasan# Trisha Krishnan# R. Madhavan# Ramesh Aravind# Sangeetha,158,6.9
Thillalangadi,Thillalangadi (Tamil: ????????????; English: Naughtiness) is a 2010 Indian Tamil-language action comedy masala film directed by M. Raja that stars his brother Jayam Ravi# Shaam and Tamannaah in lead roles# and an extensive supporting cast including Prabhu Ganesan# Suhasini Maniratnam# comedians Vadivelu and Santhanam among others playing pivotal roles.
This is a remake of the 2009 Telugu film# Kick Starring Ravi Teja and Ileana D'Cruz. The film features soundtrack composed by Yuvan Shankar Raja# whilst Thaman's original score has been reused. The film# produced by Raja's father Mohan and to be distributed by Sun Pictures# released on 23 July 2010 and it was an average grosser.
Thillalangadi depicts story of Krishna (Jayam Ravi)# a brilliant student# who has excelled in all aspects of life but loves to have a 'kick' in his life. He would do anything just to experience this 'kick'.,https://upload.wikimedia.org/wikipedia/en/3/34/Thillalangadi.jpg,23 July 2010 (2010-07-23),M.Raja,Vakkantham Vamsi,M. Raja,Tamil,Jayam Ravi# Tamannaah# Shaam# Prabh Ganesan# Vadivel# Shasini Maniratnam# Santhanam# Sanchita Shetty,121,9.9
Aadhavan,Aadhavan (English: Sun) is a 2009 Tamil action-comedy film directed by K. S. Ravikumar and written by Ramesh Khanna. The film features Suriya and Nayantara in the lead roles# with Murali# Vadivelu# Anand Babu# Ramesh Khanna# B. Saroja Devi# Rahul Dev# Sayaji Shinde in its supporting cast. The music is composed by Harris Jayaraj. The film released on 17 October 2009 and performed well at the box office. The movie was dubbed in Hindi as Dildaar - The Arya and Ghatikudu in Telugu. The story of the movie is based on the 1990 Malayalam movie His Highness Abdullah. The movie was remade in Bengali as Shikari starring Bangladeshi superstar Shakib Khan.,https://upload.wikimedia.org/wikipedia/en/9/95/Aadhavan_movie.jpg,-,Udhayanidhi Stalin,-,K. S. Ravikumar,Tamil,Sriya# Nayantara# Vadivel# Mrali# B. Saroja Devi# Rahl Dev,136,8.7
Naan Kadavul,Naan Kadavul (English: I am God) is a 2009 Indian Tamil drama film co-written and directed by Bala. Based on the Tamil novel Yezhaam Ulagam by Jeyamohan—who also penned the dialogues for the film. The film features Arya and Pooja in the lead roles.,https://upload.wikimedia.org/wikipedia/en/c/c0/Naan_kadavul.jpg,6 February 2009 (2009-02-06),K. S. Sreenivasan,-,Bala,Tamil,# Arya# Pooja# Rajendran# Krishnamoorthy# ,170,6.8
Vaaranam Aayiram,Vaaranam Aayiram (English: A thousand elephants) is a 2008 Indian Tamil-language drama film written and directed by Gautham Menon. Suriya plays dual lead roles# with Simran# Divya Spandana# and Sameera Reddy. The film had been under production since late 2006# and was released worldwide on 14 November 2008. It was dubbed and released in Telugu as Surya s/o Krishnan.
The film illustrates the theme of how a father often came across his son's life as a hero and inspiration# whose death was deeply mourned in the end. As a tribute to the father of the director# the film opened in several countries with critical acclaim. The film was produced by Venu Ravichandran and has musical score by Harris Jayaraj# making Vaaranam Aayiram his final project with Gautham Menon before the formal break-up of their partnership# which was eventually resumed 7 years later# in Yennai Arindhaal (2015). It won many awards including the National Film Award for Best Feature Film in Tamil.,https://upload.wikimedia.org/wikipedia/en/9/9c/Vaaranam_Aayiram_poster.jpg,14 November 2008 (2008-11-14),V. Ravichandran,Gautham Vasudev Menon,Gautham Vasudev Menon,Tamil,Sriya# Simran# Divya Spandana# Sameera Reddy,173,6.9
Dasavathaaram,Dasavathaaram (English: The Ten Avatars) is a 2008 Indian Tamil disaster film# directed by K. S. Ravikumar. It stars Kamal Haasan# who also wrote the screenplay and story of the film# in ten distinct roles. Asin appears in two roles and Mallika Sherawat plays a subsidiary role. The film# which had been under production for nearly three years# was produced and primarily distributed by Venu Ravichandran. Primary filming locations included the United States and across Tamil Nadu in India. The soundtrack to the film was composed by Himesh Reshammiya and the background score was by Devi Sri Prasad.
The plot of the film revolves around bringing together the lives of several individuals beginning with the 12th century and ending with the 21st century; the main person being a research scientist who develops a bio-weapon and makes sure that it is not acquired by a group of terrorists. Several other people also get involved in the process and all their stories connect after the striking of a tsunami# thus bringing in philosophical views into the picture.,https://upload.wikimedia.org/wikipedia/en/1/16/Dasavatharam_poster.jpg,13 June 2008 (2008-06-13),Venu Ravichandran,Kamal Haasan,K. S. Ravikumar,Tamil,Kamal Haasan# Asin# Mallika Sherawat# Jayaprada# Napoleon# Nagesh,171,8.4
Anjathe,Anjathe (English: Do Not Fear) is a 2008 Tamil neo-noir action film written and directed by Mysskin; starring Narain  The film opened to rave reviews for its technical expertise# avant-garde filmmaking and for the performance of actor Narain. The composition of frames# selection of shots and its counter meaning in narration made Anjathe a perfect example of Tamil New Wave cinema. The film was remade in Kannada as Anjadiru.,https://upload.wikimedia.org/wikipedia/en/b/bd/Anjathe.jpg,7 June 2008 (2008-06-7),Hitesh Jhabak,Mysskin,Mysskin,Tamil,Narain# Prasanna# Ajmal Ameer# Vijayalakshmi,111,8
Kuruvi,Kuruvi (English: Sparrow# although the title refers to Courier) is a 2008 Tamil action film written and directed by Dharani. Produced by Udhayanidhi Stalin#the movie stars Trisha Krishnan# Vijay and Suman in the lead roles. Vivek# Ashish Vidyarthi# Manivannan and Malavika played other roles in the movie. The film opened to Indian audiences after several delays# on 3 May 2008. The movie was dubbed into Telugu as Dopidi# Hindi as Jo Jeeta Wohi Baazigar# and Malayalam with the same title.,https://upload.wikimedia.org/wikipedia/en/a/af/Kuruvi_poster.jpg,3 May 2008 (2008-05-03),Udhayanidhi Stalin,Babu Sivan,Dharani,
,Trisha Krishnan# Vijay# Sman# Vivek# Ashish Vidyarthi# Saranya Ponvannan,164,7.8
Ghilli,Ghilli (English: Risk taker) is a 2004 Indian Tamil action film directed by Dharani and produced by A. M. Rathnam under the production company Sri Surya Movies. The film features Trisha and Vijay in lead roles with Ashish Vidyarthi# Dhamu# Prakash Raj# Mayilsamy and Janaki Sabesh playing supporting roles. The film is a remake of Telugu film Okkadu (2003).
The soundtrack album and background score were composed by Vidyasagar. Cinematography was handled by Gopinath and editing was done by V. T. Vijayan. Dialogues for the film were written by Bharathan. The plot revolves around an aspiring Kabaddi player who saves a girl from a murderous factionalist leader who wants to marry her. It was released on 17 April 2004.,https://upload.wikimedia.org/wikipedia/en/7/77/Ghilli308.jpg,17 April 2004 (2004-04-17),A. M. Rathnam,Bharathan (dialogues),Dharani,Tamil,# Trisha# Vijay# Prakash Raj# Ashish Vidyarthi# Dham# Nagendra Prasad# ,156,3.6
Thimiru,Thimiru (English: Audacious) is a 2006 Indian Tamil action film written and directed by debutant Tarun Gopi. It stars Vishal Krishna# Reema Sen and Sriya Reddy in lead and former football player I. M. Vijayan# Manoj K. Jayan and Vadivelu in supporting roles# whilst Kiran Rathod appears in an item number. The film's score and soundtrack are composed by Yuvan Shankar Raja. Produced by Vikram Krishna# under the banner of G K Film Corporation# it was released on 4 August 2006. Thimiru became highly successful at the box office and one of the top-grossing Tamil films in 2006. The film was also praised for Vadivelu's comedy.
The film was subsequently dubbed into Telugu# releasing as Pogaru(English: Pride) and was a runaway hit in Andhra Pradesh# too. It was later remade by director Vishal Raj in Kannada as Minchu but eventually failed to repeat the success of its original version.,https://upload.wikimedia.org/wikipedia/en/e/e4/Thimiru_DVD_Cover.jpg,4 August 2006 (2006-08-04),Vikram Krishna,Tarun Gopi,Tarun Gopi,Tamil,Vishal Krishna# Sriya Reddy# Reema Sen# Kiran Rathod# Vadivel# I. M. Vijayan# Manoj K. Jayan,119,9.7
Pudhupettai,Pudhupettai (Tamil: ???????????? English: New Hood/Area) is a 2006 Indian Tamil gangster film written and directed by Selvaraghavan# starring his brother Dhanush in the lead# whilst Sneha and Sonia Agarwal enact the lead female character roles. The film# with music scored by Yuvan Shankar Raja and cinematography by Arvind Krishna# Selvaraghavan's usual crew members# released on 26 May 2006# receiving universal critical acclaim for the music and picturisation. The film was dubbed into Telugu and released as Dhoolpeta.,https://upload.wikimedia.org/wikipedia/en/7/7f/Pudhupettai_movie_poster.jpg,26 May 2006 (2006-05-26),K Muralidharan,Selvaraghavan,Selvaraghavan,Tamil,Dhansh# Sneha# Sonia Agarwal,137,9.5
Anniyan,Anniyan (English: Outsider or Stranger) is a 2005 Indian Tamil-language psychological thriller film written and directed by S. Shankar and produced by V. Ravichandran of Aascar Films. The plot centres on a disillusioned everyman whose frustration at what he sees as increasing social apathy and public negligence leads to a split personality that attempts to right the system. Vikram stars as Ramanujam# an idealistic# law-abiding lawyer who suffers from multiple personality disorder and develops two other identities: a metrosexual fashion model Remo and a vigilante serial killer named Anniyan. Sadha plays his love interest# Nandini. Actors Vivek# Prakash Raj# Nedumudi Venu and Nassar also feature in the film.
Shankar conceived the film in mid-2003 during the post-production period of his previous film# Boys. He based the film on his own life experiences during his formative years when he was disturbed by what he saw around him# and his eventual displeasure with society. Pre-production for Anniyan began in November 2003 and principal photography in March 2004.,https://upload.wikimedia.org/wikipedia/en/1/16/Anniyan_poster.jpg,10 June 2005 (2005-06-10),V. Ravichandran,
,S. Shankar,Tamil,# Vikram# Sadha# Vivek# Prakash Raj# ,105,5.8
Ullam Ketkumae,Ullam Ketkumae is a 2005 Tamil romance film directed and co-written by Jeeva# with dialogues by Sujatha. The film features Shaam# Arya# Asin# Laila and Pooja in the lead roles as five college students. The film's score and soundtrack are composed by Harris Jayaraj# while Vairamuthu penned the lyrics for the songs. The story tells the reunion of five friends who were together at college and exploring their relationships during the years. The film released after several delays in 2005 and went on to win critical and commercial success.,https://upload.wikimedia.org/wikipedia/en/7/78/Ullam_Ketkumae_DVD_Cover.jpg,17 June 2005 (2005-06-17),Mahadevan Ganesh,Jeeva,Jeeva,Tamil,Shaam# Arya# Asin# Laila# Pooja,189,7.4
Ghilli,Ghilli (English: Risk taker) is a 2004 Indian Tamil action film directed by Dharani and produced by A. M. Rathnam under the production company Sri Surya Movies. The film features Trisha and Vijay in lead roles with Ashish Vidyarthi# Dhamu# Prakash Raj# Mayilsamy and Janaki Sabesh playing supporting roles. The film is a remake of Telugu film Okkadu (2003).
The soundtrack album and background score were composed by Vidyasagar. Cinematography was handled by Gopinath and editing was done by V. T. Vijayan. Dialogues for the film were written by Bharathan. The plot revolves around an aspiring Kabaddi player who saves a girl from a murderous factionalist leader who wants to marry her. It was released on 17 April 2004.,https://upload.wikimedia.org/wikipedia/en/7/77/Ghilli308.jpg,17 April 2004 (2004-04-17),A. M. Rathnam,Bharathan (dialogues),Dharani,Tamil,# Trisha# Vijay# Prakash Raj# Ashish Vidyarthi# Dham# Nagendra Prasad# ,156,9.6
Minnale,Minnale (Tamil: ???????; English: Lightning) is a 2001 Tamil romance film written and directed by Gautham Menon. The film featured Madhavan# Abbas and Reemma Sen# with Vivek and Nagesh also appearing in pivotal roles. The film's soundtrack was composed by newcomer Harris Jayaraj# which became very successful prior to release# helping the film at the box office. Marketed as a Valentine's Day release# Minnale opened to positive reviews from critics and enjoyed significant commercial success.,https://upload.wikimedia.org/wikipedia/en/9/95/Minnale_dvd.jpg,17 April 2004 (2004-04-17),Murali Manohar,Dhinanthorum Nagarajan (dialogues),Gautham Vasudev Menon,Tamil,Madhavan# Abbas# Reemma Sen# Nagesh# Vivek,104,8.4
Kannathil Muthamittal,Kannathil Muthamittal (English: A Peck on the Cheek) is a 2002 Tamil musical-drama film written# produced and directed by Mani Ratnam. It features P. S. Keerthana# Madhavan and Simran in the leading roles with Nandita Das# J. D. Chakravarthy# Prakash Raj and Pasupathy portraying other pivotal characters. The film's score and soundtrack were composed by A. R. Rahman# while Ravi K. Chandran handled the cinematography. Mani Ratnam presents the story of a child of Sri Lankan Tamil parentage adopted by Indian parents# who desires to meet her biological mother in the midst of the Sri Lankan Civil War.
The film premiered at the 2002 Toronto International Film Festival# It also received a strong reception when screened at the San Francisco International Film Festival in 2003. The film received high critical acclaim upon release and went on to win six National Film Awards# six Filmfare Awards South and Best Film awards at six international film festivals.,https://upload.wikimedia.org/wikipedia/en/1/15/Kannathil-Muthamital.jpg,10 April 2004 (2004-04-10),Mani Ratnam,Sujatha,Mani Ratnam,Tamil,P. S. Keerthana# Madhavan# Simran# Nandita Das# Prakash Raj# J. D. Chakravarthy# Paspathy# Siddharth# Shefali Chowdhry# G. Srinivasan,91,8
Bagavathi,Bagavathi is a 2002 Tamil film directed by A. Venkatesh# which features Vijay and Reemma Sen in the leading roles. Vadivelu# K. Vishwanath# Yugendran and Ashish Vidyarthi play other supporting roles# while Deva composed the music for the film. The movie was released on average hit a the box office. It was also dubbed in Telegu and Hindi with the same title.,https://upload.wikimedia.org/wikipedia/en/3/3b/Bagavathi_Vijay_Movie.jpg,4 November 2002 (2002-11-04),K. Muralidharan,A. Venkatesh,A. Venkatesh,Tamil,Vijay# Reemma Sen# Ashish Vidyarthi# Jai# Vadivel,138,5.3
Thamizhan,Thamizhan is a 2002 Indian Tamil-language political drama film directed by debutant Majith and produced by G. Venkateswaran. The film stars Vijay in the lead role with Priyanka Chopra# making her debut as a lead actress. Revathi# Nassar# Ashish Vidyarthi and Vivek also play pivotal roles in the film# while the film's score and soundtrack were composed by D. Imman. The film was released in April 2002 and it was declared as hit at the box office. The movie was later dubbed in Telegu as Dammunte Kasko and Hindi as Gundaraaj 2.,https://upload.wikimedia.org/wikipedia/en/c/c1/Thamizhan.jpg,17 April 2004 (2004-04-17),G. Venkateswaran,Majith (dialogue),Majith,Tamil,Vijay# Priyanka Chopra# Nassar# Revathi# Vivek,198,7.5
Panchathantiram,Panchathantiram (English: Five Ruses) is a 2002 Indian Tamil comedy film directed by K. S. Ravikumar and written by Crazy Mohan. The film features Kamal Haasan# Simran and Ramya Krishnan in the lead roles# with a large supporting cast including Jayaram# Ramesh Aravind# Sriman and Nagesh.
The film opened to positive reviews from critics# and made profits at the box office.,https://upload.wikimedia.org/wikipedia/en/c/cf/Panchathanthiram.jpg,30 October 1997 (1997-10-30),P. L. Thenappan,Kamal Haasan,K. S. Ravikumar,Tamil,Kamal Haasan# Simran# Jayaram# Ramya Krishnan# Ramesh Aravind# Sriman# Ygi Seth,133,9.5
Porkkaalam,Porkaalam (Tamil: ????????? English: Golden Age) is a 1997 Indian Tamil drama film written and directed by Cheran. The film has Murali# Meena# Sanghavi# Rajeshwari and Vadivelu in key roles. It was later remade in Telugu as Manikyam with Meka Srikanth# in Kannada as Odahuttidavalu with Ravichandran in 2006 and in Bollywood as Meri Pyaari Bahania Banegi Dulhania with Mithun Chakraborty in 2001. Porkaalam was one among 1997 Deepavali releases and became a huge success.,https://upload.wikimedia.org/wikipedia/en/3/31/Porkkalam.jpg,30 October 1997 (1997-10-30),M. Kaja Mydeen,Cheran,Cheran,Tamil,# Mrali# Meena# Sanghavi# Vadivel# Rajeshwari# Manivannan# ,187,7.9
Ullathai Allitha,Ullathai Allitha is 1996 Tamil comedy film directed by Sundar C. The film starred Karthik# Goundamani and Rambha in the lead roles. The film's plot elements were borrowed from Hindi film Andaz Apna Apna. The film's score and soundtrack are composed by Sirpi. The film was a Blockbuster at the box office. The film released on 15 January 1996 and received positive reviews from the critics and audience. The film was remade in Telugu as Veedevadandi Babu and in Kannada Galate Aliyandru.,https://upload.wikimedia.org/wikipedia/en/e/ed/Ullathai_Allitha.jpg,15 January 1996 (1996-01-15),N. Prabhavathy,K. Selva Bharathy,Sundar C.,Tamil,# Karthik# Rambha# Gondamani# Manivannan# Jai Ganesh# Senthil# Jyothi Meena# ,155,8
