M.S. Dhoni: The Untold Story,"M.S. Dhoni: The Untold Story is a 2016 Indian biographical sports film written and directed by Neeraj Pandey. It based on the life of Indian cricketer and the current ODI and T20I captain of the Indian national cricket team# Mahendra Singh Dhoni. The film stars Sushant Singh Rajput as Dhoni# along with Disha Patani# Kiara Advani# and Anupam Kher. The film chronicles the life of Dhoni from a young age and the series of life events that finally culminates to his stardom in the realm of cricket.
The idea of the biopic was put forward by Dhoni's manager# Arun Pandey# after encountering an incident at an airport after the 2011 Cricket World Cup Final. Development began two years later# with the consent of Dhoni. Neeraj Pandey was later approached to helm the film while he was working on Baby. Pandey recruited a number of people for researching into Dhoni's background and his life events.",https://upload.wikimedia.org/wikipedia/en/3/33/M.S._Dhoni_-_The_Untold_Story_poster.jpg,30-09-2016,Arun Pandey,Neeraj Pandey,Neeraj Pandey,Hindi,102,5.6,Action
Ae Dil Hai Mushkil,Ae Dil Hai Mushkil (English: This Heart is Complicated) is a 2016 upcoming Indian Hindi romantic drama film written and directed by Karan Johar. It features Aishwarya Rai Bachchan# Ranbir Kapoor and Anushka Sharma in lead roles. It is scheduled for release on 28 October# 2016 on the Diwali weekend.,https://upload.wikimedia.org/wikipedia/en/2/2a/Ae_Dil_Hai_Mushkil2.jpg,28-10-2016,Hiroo Yash Johar,Karan Johar,Karan Johar,Hindi,90,6.9,Comedy
Dishoom,Dishoom is a 2016 Indian action-adventure film written and directed by Rohit Dhawan. The film stars Varun Dhawan# Jacqueline Fernandez# John Abraham# Saqib Saleem and Akshaye Khanna. The film's score is composed by Abhijit Vaghani and the film's musical numbers were composed by Pritam Chakraborty. The film was released worldwide on 29 July 2016.and became a commercial success.,https://upload.wikimedia.org/wikipedia/en/8/86/John_Abraham%27s_Dishoom_poster.jpg,29-07-2016,Sajid Nadiadwala,Hussain Dalal (dialogues),Rohit Dhawan,Hindi,106,3.7,Tragedy
Baar Baar Dekho,"Baar Baar Dekho (English: Look Again and Again) is a 2016 Indian Hindi-language romantic drama film directed by Nitya Mehra which marks her debut in Hindi cinema. The film stars Katrina Kaif and Sidharth Malhotra.
The film was released in India on 9 September 2016.",https://upload.wikimedia.org/wikipedia/en/a/aa/Katrina_Kaif%27s_Baar_Baar_Dekho.jpg,09-09-2016,Hiroo Yash Johar,Anvita Dutt (dialogues),Nitya Mehra,Hindi,122,2,Comedy
Neerja,"Neerja is a 2016 Indian Hindi-language biographical thriller film directed by Ram Madhvani and written by Saiwyn Quadras and Sanyuktha Chawla Shaikh. It was produced by Atul Kasbekar's company# Bling Unplugged# alongside Vijay Singh's Fox Star Studios. The film features Sonam Kapoor as the title character# with Shabana Azmi# Yogendra Tiku and Shekhar Ravjiani in supporting roles.
The plot centers on the Libyan-backed Abu Nidal Organization's hijacking of Pan Am Flight 73 in Karachi# Pakistan# on 5 September 1986. The film is shown from the point of view of the flight's head purser# Neerja Bhanot# who thwarted the hijack attempt by alerting the pilots# thus grounding the plane; Bhanot gave her life to help save 359 of the 379 passengers and crew on board.
Development began in September 2014# when Kasbekar signed Madhvani and Kapoor for a film to be made by Bling Unplugged and Fox Star Studios. Saiwyn Quadras and Sanyuktha Chawla worked on the script# with principal photography taking place in Mumbai. The film features music by Vishal Khurana# with lyrics written by Prasoon Joshi.",https://upload.wikimedia.org/wikipedia/en/a/aa/Neerja_Poster.jpg,19-02-2016,Atul Kasbekar,Saiwyn Quadras,Ram Madhvani,Hindi,110,6.2,Thriller
Udta Punjab,"Udta Punjab (English: ""Flying Punjab"") is a 2016 Indian crime-drama film co-written and directed by Abhishek Chaubey. It is based on drug abuse in the Indian state of Punjab. Produced by Shobha Kapoor and Ekta Kapoor under their banner Balaji Motion Pictures# in association with Anurag Kashyap's production house Phantom Films# it features Shahid Kapoor# Kareena Kapoor# Alia Bhatt and# Diljit Dosanjh in lead roles.
On 4 June 2016# the Central Board of Film Certification sought a stay on the film's release citing that the themes dealt with in the film were too vulgar for the general audience. As a result# the producers were directed to make a total of 89 cuts in the film. However# on 13 June 2016# the Bombay High Court struck down the stay and gave permission for the film's national release# albeit with a single cut in the screenplay. The film was released worldwide on 17 June 2016. Made on a budget of ?400 million (US$5.9 million)# Udta Punjab has earned over ?996 million (US$15 million) worldwide.",https://upload.wikimedia.org/wikipedia/en/9/91/Udta_Punjab.jpg,17-06-2016,Shobha Kapoor,Sudip Sharma ,Abhishek Chaubey,Hindi,156,5.7,Tragedy
Fitoor,Fitoor (English: Passion# Obsession) is a 2016 Indian Hindi-language romantic drama film directed by Abhishek Kapoor# produced by Siddharth Roy Kapur# and written by Kapoor and Supratik Sen based on Charles Dickens' novel Great Expectations. The film features Tabu# Aditya Roy Kapur and Katrina Kaif in leading roles. Filming began in Kashmir in November 2014. The film was released on 12 February 2016.,https://upload.wikimedia.org/wikipedia/en/7/78/Fitoor_Hindi_Film_Poster.jpg,12-02-2016,"
","
",Abhishek Kapoor,Hindi,141,1.9,Action
Bajrangi Bhaijaan,"Bajrangi Bhaijaan (English translation: Brother Bajrangi) is a 2015 Indian drama film directed by Kabir Khan. Written by K. V. Vijayendra Prasad# the film was produced by Salman Khan and Rockline Venkatesh. It stars Salman Khan and Harshaali Malhotra# with Nawazuddin Siddiqui and Kareena Kapoor Khan in supporting roles. Khan stars as Bajrangi# an ardent devotee of Hindu deity Hanuman# who embarks on taking a mute six-year-old Pakistani girl (Malhotra)# separated in India from her parents# back to her hometown in Pakistan.
Made on a budget of ?90 crore# the principal photography commenced in November 2014. The cinematography was done by Aseem Mishra and was edited by Rameshwar S. Bhagat. The soundtrack was composed by Pritam# who collaborated with Julius Packiam to score the background music.
In October 2015# the film was broadcast on Star Gold and became the most watched Bollywood movie in the history of television.",https://upload.wikimedia.org/wikipedia/en/d/dd/Bajrangi_Bhaijaan_Poster.jpg,17-07-2015,Salman Khan,-,Kabir Khan,Hindi,146,7.6,Romance
Bajirao Mastani,"Bajirao Mastani is a 2015 Indian epic historical romance film directed by Sanjay Leela Bhansali# who also composed the music of the film. It is jointly produced by Bhansali and Eros International. The film stars Ranveer Singh as Bajirao I and Deepika Padukone as Mastani# with Priyanka Chopra playing Bajirao's first wife Kashibai. Tanvi Azmi# Vaibbhav Tatwawdi and Milind Soman appear in supporting roles. Based on the Marathi novel Raau by Nagnath S. Inamdar# the film narrates the story of the Maratha Peshwa Bajirao (1700-1740 AD) and his second wife Mastani.
The film was in development for 15 years# with Bhansali wanting to make the film after Hum Dil De Chuke Sanam. However# several times# the production was delayed due to the changing cast. Principal photography started in mid 2014 after the casting of principal roles was finalised.",https://upload.wikimedia.org/wikipedia/en/5/52/Bajirao_Mastani_Poster_2.jpg,02-10-2015,"
",Prakash R. Kapadia ,Sanjay Leela Bhansali,Hindi,186,1.4,Action
Singh Is Bliing,Singh Is Bliing is a 2015 Bollywood action comedy film directed by Prabhu Deva and produced by Ashvini Yardi and Jayantilal Gada under the banners Grazing Goat Pictures and Pen India Pvt. Ltd. The film features Akshay Kumar# Amy Jackson# Lara Dutta and Kay Kay Menon in lead roles. It is not related to the 2008 film Singh is Kinng directed by Anees Bazmee.,https://upload.wikimedia.org/wikipedia/en/b/bb/Singh_Is_Bling.jpg,22-05-2015,"
",Shiraz Ahmed,Prabhu Deva,Hindi,186,8.3,Romance
Tanu Weds Manu: Returns,"Tanu Weds Manu Returns is a 2015 Indian romantic drama film directed by Anand L. Rai which serves as a sequel to the 2011 film Tanu Weds Manu. Kangana Ranaut# R. Madhavan# Jimmy Shergill# Deepak Dobriyal# Swara Bhaskar and Eijaz Khan reprise their roles from the original film. Ranaut also portrays the additional role of a Haryanvi athlete in it. The story# screenplay and the dialogues were written by Himanshu Sharma. The soundtrack and film score were composed by Krsna Solo and the lyrics were penned by Rajshekhar. Saroj Khan and Bosco–Caesar were the film?s choreographers while the editing was done by Hemal Kothari.
The principal photography began in October 2014 and the film was released on 22 May 2015. The film carries the story forward showing the next chapter of the couple's life.",https://upload.wikimedia.org/wikipedia/en/3/3f/Tanu_weds_Manu_poster.jpg,08-05-2015,Krishika Lulla,Himanshu Sharma,Anand L. Rai,Hindi,92,2.4,Thriller
Piku,"Piku is a 2015 Indian comedy-drama film directed by Shoojit Sircar and produced by N.P. Singh# Ronnie Lahiri and Sneha Rajani. It stars Deepika Padukone as the titular protagonist# Amitabh Bachchan and Irrfan Khan# with Moushumi Chatterjee and Jishu Sengupta portraying supporting roles. It tells the story of the short-tempered Piku Banerjee (Padukone)# her grumpy# ageing father Bhashkor (Bachchan) and Rana Chaudhary (Khan)# who is stuck between the father-daughter duo# as they embark on a journey to Kolkata.
The story and screenplay was written by Juhi Chaturvedi. Principal photography began in August 2014 and was wrapped up in December. Anupam Roy composed the soundtrack and score# and wrote the lyrics.
plot Piku was released on 8 May 2015. It garnered wide critical acclaim upon release.",https://upload.wikimedia.org/wikipedia/en/9/98/Piku.jpg,12-11-2015,N.P. Singh,Juhi Chaturvedi,Shoojit Sircar,Hindi,183,3.8,Thriller
Prem Ratan Dhan Payo,"Prem Ratan Dhan Payo (English: Found a Treasure Called Love) is a 2015 Indian romantic drama film# written and directed by Sooraj Barjatya# produced by Rajshri Productions and distributed by Fox Star Studios. It stars Salman Khan and Sonam Kapoor in lead roles. This is the fourth collaboration between Barjatya and Khan after their previous films Maine Pyar Kiya# Hum Aapke Hain Koun..!# and Hum Saath Saath Hain.
The cinematography of the movie was done by V. Manikandan and was edited by Sanjay Sankla. The soundtrack was composed by Himesh Reshammiya# and the background music done by Sanjoy Chowdhury. The film was released in India and Pakistan on 12 November 2015 to very mixed reviews from critics and audience. It emerged as a commercial success and ranks among the highest-grossing Bollywood films# with a gross of ?400 crore (US$59 million) worldwide.
The film was also released in Tamil and Telugu versions as Meymarandhen Paaraayo and Prema Leela# respectively.",https://upload.wikimedia.org/wikipedia/en/b/b2/Prem_Ratan_Dhan_Payo_Release_Poster.jpg,13-03-2015,"
",-,Sooraj R. Barjatya,Hindi,184,4.6,Action
NH10,"NH10 is a 2015 Indian thriller film directed by Navdeep Singh. It stars Anushka Sharma and Neil Bhoopalam in lead roles# and marks the production debut of Sharma. The film is co-produced by Phantom Films and Eros International. It tells the story of a young couple whose road trip goes awry after an encounter with a group of violent criminals. Part of the story is loosely adapted on 2007 Manoj-Babli honour killing case. The film's title refers to the 403 km long National Highway 10 in India.
NH10 released theatrically on 13 March 2015. The film and Sharma's performance garnered critical acclaim# and the film emerged as a sleeper hit.",https://upload.wikimedia.org/wikipedia/en/4/4e/NH10_Poster.jpg,05-06-2015,Vikramaditya Motwane,Sudip Sharma,Navdeep Singh,Hindi,135,5.3,Action
Dil Dhadakne Do,Dil Dhadakne Do (English: Let the Heart Beat) is a 2015 Indian comedy-drama film directed by Zoya Akhtar and produced by Ritesh Sidhwani and Farhan Akhtar. The film features an ensemble cast of Anil Kapoor# Shefali Shah# Priyanka Chopra# Ranveer Singh and Anushka Sharma with Farhan Akhtar in a special appearance and Aamir Khan performing voice-over as the narrator of the film in addition to Rahul Bose# Zarina Wahab and many more others in supporting roles. The film tells the story of a dysfunctional Punjabi family who invite their family and friends along on a cruise trip to celebrate the parents' 30th wedding anniversary. The film was released worldwide on 5 June 2015.,https://upload.wikimedia.org/wikipedia/en/c/c8/First_Look_Poster_of_Dil_Dhadakne_Do.jpg,19-05-2015,Ritesh Sidhwani,Farhan Akhtar,Zoya Akhtar,Hindi,182,5,Tragedy
Tevar,"Tevar (English: Attitude) is a 2015 Indian action film directed by Amit Sharma and written by Gunasekhar. The film stars Arjun Kapoor and Sonakshi Sinha and in lead roles while Manoj Bajpayee plays and crucial role. It is an official remake of Telugu film Okkadu (2003). Shruti Haasan made a special appearance in the song ""Madamiyan"".
The film was released worldwide on 9 January 2015.",https://upload.wikimedia.org/wikipedia/en/6/6c/Tevar_Official_Poster.jpg,24-06-2015,Boney Kapoor,Shantanu Srivastava,Amit Ravindernath Sharma,Hindi,98,7.8,Tragedy
Masaan,Masaan (Crematorium) is a 2015 Indian Hindi-language drama film directed by Neeraj Ghaywan. The directorial debut film is an Indo-French co-production produced by Drishyam Films# Macassar Productions# Phantom Films# Sikhya Entertainment# Arte France Cinema and Pathé Productions. It was screened in the Un Certain Regard section at the 2015 Cannes Film Festival winning two awards. Ghaywan previously assisted Anurag Kashyap on Gangs Of Wasseypur.,https://upload.wikimedia.org/wikipedia/en/1/1c/Masaan_poster.jpg,24-07-2015,Drishyam Films,Varun Grover,Neeraj Ghaywan,Hindi,92,8.8,Romance
Bombay Velvet,"Bombay Velvet is a 2015 Indian period crime-drama film directed and co-produced by Anurag Kashyap# based on historian Gyan Prakash's book Mumbai Fables. It stars Ranbir Kapoor# Anushka Sharma and Karan Johar in lead roles with Kay Kay Menon# Manish Choudhary# Vivaan Shah and Siddhartha Basu appearing in supporting roles. The film was released on 15 May 2015.
The film# made on a budget of ?120 crore# only took ?22.27 crore in the first week and was not commercially successful.",https://upload.wikimedia.org/wikipedia/en/0/05/Bombay_Velvet_poster.jpg,15-05-2015,"
","
",Anurag Kashyap,Hindi,161,4.8,Thriller
Angry Indian Goddesses,Angry Indian Goddesses is a 2015 Indian Hindi drama film# directed by Pan Nalin. It stars Sandhya Mridul# Tannishtha Chatterjee# Sarah-Jane Dias# Anushka Manchanda# Amrit Maghera# Rajshri Deshpande# and Pavleen Gujral with Adil Hussain. It was screened in the Special Presentations section of the 2015 Toronto International Film Festival# where it finished second for the People's Choice Award. The film was released worldwide on November 27# 2015.,https://upload.wikimedia.org/wikipedia/en/b/bf/Angry_Indian_Goddesses.jpg,30-09-2016,Gaurav Dhingra,Pan Nalin# Subhadra Mahajan# Arsala Qureishi,Pan Nalin,Hindi,194,5.8,Action
Dedh Ishqiya,Dedh Ishqiya is a 2014 Indian black comedy film directed by Abhishek Chaubey starring Madhuri Dixit# Arshad Warsi# Naseeruddin Shah# and Huma Qureshi in the lead roles. Produced by Raman Maroo of Shemaroo Entertainment and by Vishal Bharadwaj# it is a sequel of Ishqiya (2010). It was released worldwide on 10 January 2014.,https://upload.wikimedia.org/wikipedia/en/c/c8/Dedh_Ishqiya_Teaser_Poster.jpg,28-10-2016,"
",Gulzar,Abhishek Chaubey,Hindi,176,6.6,Thriller
Gunday,"Gunday (English: Outlaws) is a 2014 Indian action thriller film written and directed by Ali Abbas Zafar and produced by Aditya Chopra. The film features Ranveer Singh and Arjun Kapoor in the lead roles with Priyanka Chopra and Irrfan Khan in a supporting roles. The film starts off in the 1970s# with the introduction of 2 young boys: Bikram and Bala# who initially become gun carriers and later coal bandits. They ultimately grow up to become the most powerful goons of Calcutta. The film was released on 14 February 2014.
The film also released in Bengali with a full Bengali soundtrack also composed by Sohail Sen. Though# in some of the Bengali songs# the singers differ from the original. This was also the first Indian film to have its trailer premiere at the Dubai International Film Festival.",https://upload.wikimedia.org/wikipedia/en/4/46/Gunday_%282013_film%29.jpg,29-07-2016,Aditya Chopra,Ali Abbas Zafar,Ali Abbas Zafar,Hindi,94,6.4,Romance
Bewakoofiyaan,Bewakoofiyaan (Hindi: ??????????? ) (English:Stupidities) is a 2014 Indian romantic comedy film directed by Nupur Asthana# written by Habib Faisal and produced by Aditya Chopra under the banner of Yash Raj Films. It features Ayushmann Khurrana# Sonam Kapoor and Rishi Kapoor in lead roles. The film released on 14 March 2014.,https://upload.wikimedia.org/wikipedia/en/d/d6/Bewakoofiyaan_Poster.jpg,09-09-2016,Aditya Chopra,-,Nupur Asthana,Hindi,168,3,Comedy
Hasee Toh Phasee,Hasee Toh Phasee (English: She Smiles# She's Snared!) is a 2014 Indian romantic comedy-drama film directed by Vinil Mathew and produced by Karan Johar and Anurag Kashyap. The film features Parineeti Chopra# Sidharth Malhotra and Adah Sharma in the lead roles. The film was released on 7 February 2014 and received positive reviews. The movie collected around ?620 million (US$9.2 million) worldwide.,https://upload.wikimedia.org/wikipedia/en/2/2b/Haseetohphasee_poster.jpg,19-02-2016,Karan Johar,Dialogue:-,Vinil Mathew,Hindi,110,7.1,Romance
Humpty Sharma Ki Dulhania,Humpty Sharma Ki Dulhania (English: The bride of Humpty Sharma# abbreviated as HSKD) is a 2014 Hindi romantic comedy film written and directed by Shashank Khaitan and produced by Karan Johar. It features Varun Dhawan as Humpty Sharma and Alia Bhatt as Kavya Pratap Singh in the lead roles. HSKD was released on 11 July 2014 and became a box office success.,https://upload.wikimedia.org/wikipedia/en/4/4e/Humpty_Sharma_Ki_Dulhania_Poster.jpg,17-06-2016,Karan Johar,Shashank Khaitan,Shashank Khaitan,Hindi,108,1.4,Romance
Ek Villain,Ek Villain (English: One Villain) is a 2014 Indian romantic thriller directed by Mohit Suri. The film stars Sidharth Malhotra# Riteish Deshmukh and Shraddha Kapoor in lead roles# and tells the story of a hardened criminal whose terminally ill wife is murdered by a serial killer. The film was produced by Ekta Kapoor and Shobha Kapoor under Balaji Motion Pictures and ALT Entertainment. The film is an unofficial remake of the 2010 South Korean action thriller film I Saw The Devil. Upon its release on 27 June 2014# the film received mixed to positive reviews from the critics# and was a commercial success.,https://upload.wikimedia.org/wikipedia/en/0/0f/Ek_Villain_Poster.jpg,12-02-2016,Ekta Kapoor,Milap Zaveri ,Mohit Suri,Hindi,130,2.8,Thriller
Singham Returns,Singham Returns is a 2014 Indian action film directed by Rohit Shetty and produced by Ajay Devgn FFilms. A sequel to the 2011 film Singham# actor Ajay Devgan reprises his role from the previous film# as well as co-producing the project# while Kareena Kapoor Khan plays the female lead thus replacing Kajal Aggarwal. The film was also simultaneously made in Marathi. The film was released worldwide on 15 August 2014.,https://upload.wikimedia.org/wikipedia/en/8/83/Singham_Returns_Poster.jpg,17-07-2015,"
",Sajid-Farhad,Rohit Shetty,Hindi,162,6.4,Thriller
Heropanti,Heropanti (English: Big Attitude) a Bollywood action drama film directed by Sabbir Khan and produced by Sajid Nadiadwala. Actors Tiger Shroff and Kriti Sanon make their Hindi film debut with the film# alongside Prakash Raj as an important supporting role. This is a remake of the Telugu film Parugu# Heropanti released on 23 May 2014. The film received mixed reviews from critics# but managed to become a box office super hit. The satellite rights were bagged by Sony Entertainment Television.,https://upload.wikimedia.org/wikipedia/en/0/0d/Heropanti_Poster.jpg,02-10-2015,Sajid Nadiadwala,Sanjeev Dutta,Sabbir Khan,Hindi,177,5.3,Thriller
3 Idiots,"3 Idiots is a 2009 Indian coming of age comedy-drama film co-written# edited# and directed by Rajkumar Hirani and produced by Vidhu Vinod Chopra. Abhijat Joshi wrote the screenplay. It was loosely adapted from the novel Five Point Someone by Chetan Bhagat. The film stars Aamir Khan# Kareena Kapoor# R. Madhavan# Sharman Joshi# Omi Vaidya# Parikshit Sahni and Boman Irani.
Upon release# the film was the highest-grossing film in its opening weekend in India and had the highest opening day collections for an Indian film up until that point. It also held the record for the highest net collections in the first week for a Bollywood film. It also became one of the few Indian films to become successful in East Asian markets such as China# eventually bringing its overseas total to more than US$65 million at the time—the highest-grossing Bollywood film of all time in overseas markets# before being overtaken by Chennai Express in 2013. Over the years# it has attained the cult status.",https://upload.wikimedia.org/wikipedia/en/d/df/3_idiots_poster.jpg,22-05-2015,Vidhu Vinod Chopra,Abhijat Joshi,Rajkumar Hirani,Hindi,130,8.5,Thriller
Dilwale Dulhania Le Jayenge,"Dilwale Dulhania Le Jayenge (English: The Big-Hearted Will Take Away the Bride)# also known by the initialism DDLJ# is an Indian romance film written and directed by Aditya Chopra and produced by Yash Chopra. Released on 20 October 1995# the film stars Shah Rukh Khan and Kajol. The plot revolves around Raj and Simran# two young non-resident Indians# who fall in love during a vacation through Europe with their friends. Raj tries to win over Simran's family so the couple can marry# but Simran's father has long since promised her hand to his friend's son. The film was shot in India# London and Switzerland# from September 1994 to August 1995.
Earning ?1.06 billion (valued at about US$32#766#000 in 1995) in India and ?160 million (valued at about US$4#946#000 in 1995) overseas# Dilwale Dulhania Le Jayenge became the highest grossing Bollywood film of the year# and one of the most successful Indian films of all time. It won 10 Filmfare Awards# the most for a single film at that time# and won the National Film Award for Best Popular Film Providing Wholesome Entertainment. Its soundtrack album became one of the most popular of the 1990s.",https://upload.wikimedia.org/wikipedia/en/8/80/Dilwale_Dulhania_Le_Jayenge_poster.jpg,08-05-2015,Yash Chopra,Javed Siddiqui,Aditya Chopra,Hindi,146,9,Tragedy
Sholay,"Sholay ( pronunciation # meaning ""Embers"") is a 1975 Indian Hindi-language action-adventure film directed by Ramesh Sippy and produced by his father G. P. Sippy. The film follows two criminals# Veeru and Jai (played by Dharmendra and Amitabh Bachchan)# hired by a retired police officer (Sanjeev Kumar) to capture the ruthless dacoit Gabbar Singh (Amjad Khan). Hema Malini and Jaya Bhaduri also star# as Veeru and Jai's love interests. Sholay is considered a classic and one of the best Indian films. It was ranked first in the British Film Institute's 2002 poll of ""Top 10 Indian Films"" of all time. In 2005# the judges of the 50th annual Filmfare Awards named it the Best Film of 50 Years.
The film was shot in the rocky terrain of Ramanagara# in the southern state of Karnataka# over a span of two and a half years. After the Central Board of Film Certification mandated the removal of several violent scenes# Sholay was released with a length of 198 minutes.",https://upload.wikimedia.org/wikipedia/en/5/52/Sholay-poster.jpg,12-11-2015,G. P. Sippy,-,Ramesh Sippy,Hindi,145,9.5,Romance
Lagaan,"Lagaan (Hindi: ????# ""Taxation""; also called Lagaan: Once Upon a Time in India) is a 2001 Indian epic sports-drama film written and directed by Ashutosh Gowariker. Aamir Khan# who was also the producer# stars with Gracy Singh in the lead roles; British actors Rachel Shelley and Paul Blackthorne play the supporting roles. Made on a then-unprecedented budget of ?250 million (equivalent to ?700 million or US$10 million in 2016)# the film was shot in an ancient village near Bhuj# India.
The film is set in the Victorian period of India's colonial British Raj. The story revolves around a small village whose inhabitants# burdened by high taxes# find themselves in an extraordinary situation as an arrogant officer challenges them to a game of cricket as a wager to avoid the taxes. The narrative spins around this situation as the villagers face the arduous task of learning the alien game and playing for a result that will change their village's destiny.
Lagaan received critical acclaim and awards at international film festivals# as well as many Indian film awards. It became the third Indian film to be nominated for the Academy Award for Best Foreign Language Film after Mother India (1957) and Salaam Bombay!",https://upload.wikimedia.org/wikipedia/en/b/b6/Lagaan.jpg,13-03-2015,Aamir Khan,K. P. Saxena,Ashutosh Gowariker,Hindi,117,8.6,Romance
Mughal-e-Azam,"Mughal-e-Azam (The Emperor of the Mughals) is a 1960 Indian epic historical drama film directed by K. Asif and produced by Shapoorji Pallonji. Starring Prithviraj Kapoor# Dilip Kumar# Madhubala# and Durga Khote# it follows the love affair between Mughal Prince Salim (who went on to become Emperor Jahangir) and Anarkali# a court dancer. Salim's father# Emperor Akbar# disapproves of the relationship# which leads to a war between father and son.
The development of Mughal-e-Azam began in 1944# when Asif read a play set in the reign of Emperor Akbar (1556–1605). Production was plagued by delays and financial uncertainty. Before its principal photography began in the early 1950s# the project had lost a financier and undergone a complete change of cast. Mughal-e-Azam cost more to produce than any previous Indian motion picture; the budget for a single song sequence exceeded that typical for an entire film of the period. The soundtrack# inspired by Indian classical and folk music# comprises 12 songs voiced by playback singers including Lata Mangeshkar and classical singer Bade Ghulam Ali Khan.",https://upload.wikimedia.org/wikipedia/en/1/16/Mughal-e-Azam.jpg,05-06-2015,Shapoorji Pallonji,Aman,K. Asif,"
",106,9.1,Action
Kahaani,"Kahaani (IPA: [k???a?ni]; ""Story"") is a 2012 Indian Hindi mystery thriller film co-written# co-produced and directed by Sujoy Ghosh. It stars Vidya Balan as Vidya Bagchi# a pregnant woman searching for her missing husband in Kolkata during the festival of Durga Puja# assisted by Satyoki ""Rana"" Sinha (Parambrata Chatterjee) and Khan (Nawazuddin Siddiqui).
Made on a shoestring budget of ?80 million (US$1.2 million)# Kahaani was conceived and developed by Ghosh# who co-wrote the film with Advaita Kala. The crew often employed guerrilla-filmmaking techniques on Kolkata's city streets to avoid attracting attention. The film was noted for its deft portrayal of the city and for making use of many local crew and cast members. Kahaani explores themes of feminism and motherhood in male-dominated Indian society. The film also makes several allusions to Satyajit Ray's films such as Charulata (1964) and Aranyer Dinratri (1970).
Kahaani was released worldwide on 9 March 2012.",https://upload.wikimedia.org/wikipedia/en/8/85/KahaaniPoster.jpg,19-05-2015,Sujoy Ghosh,Dialogue:-,Sujoy Ghosh,Hindi,130,8.6,Action
Andaz Apna Apna,Andaz Apna Apna (translation: Everyone has their own style) is a 1994 Indian comedy film directed by Rajkumar Santoshi# starring Aamir Khan# Salman Khan# Raveena Tandon# Karisma Kapoor and Paresh Rawal in the lead roles. Mehmood# Govinda and Juhi Chawla make guest appearances. The film was released on 4 November 1994. The plot elements of this movie were later used in other language movies such as Ullathai Allitha (1996)# Veedevadandi Babu (1997) and Galate Aliyandru (2000)# though none being frame to frame remake. The film was an average grosser at the box office# but has since emerged as a cult film over the years.,https://upload.wikimedia.org/wikipedia/en/1/15/Andaz_Apna_Apna.jpg,24-06-2015,Vinay Kumar Sinha,-,Rajkumar Santoshi,Hindi,161,8.2,Tragedy
Kuch Kuch Hota Hai,"Kuch Kuch Hota Hai (English: Something Happens) also known as KKHH# is an Indian Hindi coming-of-age romantic comedy drama film# released in India and the United Kingdom on 16 October 1998. It was written and directed by Karan Johar# and starred the popular on-screen pair of Shah Rukh Khan and Kajol in their fourth film together. Rani Mukerji featured in a supporting role# while Salman Khan had an extended guest appearance.
Filmed in India# Mauritius# and Scotland# this was Karan Johar's directorial debut. One of his goals for the film was to set a new level for style in Hindi cinema. The plot combines two love triangles set years apart. The first half covers friends on a college campus# while the second tells the story of a widower's young daughter who tries to reunite her dad with his old friend.
The film was extremely successful in India and abroad# becoming the highest-grossing Indian film of the year and the third highest-grossing Indian film ever behind Hum Aapke Hain Koun..!",https://upload.wikimedia.org/wikipedia/en/0/07/Kuch_Kuch_Hota_Hai_poster.jpg,24-07-2015,Yash Johar,Karan Johar,Karan Johar,Hindi,159,9.5,Comedy
Jab We Met,"Jab We Met (English: When We Met) is a 2007 Indian romantic drama film directed and written by Imtiaz Ali. The film# produced by Dhillin Mehta under Shree Ashtavinayak Cinevision Ltd# stars Shahid Kapoor and Kareena Kapoor in their fourth film together with Dara Singh# Pavan Malhotra and Saumya Tandon in supporting roles.
The film tells the story of a feisty Punjabi girl who is sent off track when she bumps into a depressed Mumbai businessman on an overnight train to Delhi. While attempting to get him back on board when he alights at a station stop# both are left stranded in the middle of nowhere. Having walked out of his corporate business after being dumped by his girlfriend# the man has no destination in mind# until the girl forces him to accompany her back home and then on to elope with her secret boyfriend.
Released in the United Kingdom a day before its worldwide release of 26 October 2007# the film became a hit at the Indian box office as well as overseas. The distributors of the film# Shree Ashtavinayak Cinevision Ltd# announced that Jab We Met would be remade by corporate entity Moser Baer in four other Indian languages: Tamil (dubbed into Telugu)# Kannada and Malayalam. The film remains as one of the best romantic movies in bollywood.",https://upload.wikimedia.org/wikipedia/en/9/9f/Jab_We_Met_Poster.jpg,15-05-2015,Dhillin Mehta,-,Imtiaz Ali,Hindi,98,8.7,Romance
Dabangg,"Dabangg (English: Fearless) is a 2010 Indian action film directed by Abhinav Kashyap# and produced by Arbaaz Khan under Arbaaz Khan Productions. Arbaaz's elder brother Salman Khan stars in the lead role# with Sonakshi Sinha (in her acting debut)# Arbaaz Khan# Om Puri# Dimple Kapadia# Vinod Khanna# Anupam Kher# Mahesh Manjrekar and Mahie Gill featuring in supporting roles# while Sonu Sood plays the main antagonist. The film marks the debut of Arbaaz as a producer and Kashyap as a director. Malaika Arora Khan appears in the item number ""Munni Badnaam Hui"".
Dabangg is set in the Indian state of Uttar Pradesh# and tells the story of a corrupt but fearless police officer# Chulbul Pandey# and his troubled relationship with his stepfather and half-brother. Made with a budget of ?300 million and marketed at ?120 million# Dabangg was shot primarily in the town of Wai in Maharashtra# while other major scenes were shot in the United Arab Emirates.
Dabangg was released during Eid on 10 September 2010 in nearly 2100 cinemas worldwide. It opened to generally positive reviews# and went on to gross ?2.15 billion worldwide.",https://upload.wikimedia.org/wikipedia/en/b/b0/Dabangg_poster1.jpg,30-09-2016,Arbaaz Khan,Dilip Shukla,Abhinav Kashyap,Hindi,139,9,Action
My Name Is Khan,| runtime = 165 minutes,https://upload.wikimedia.org/wikipedia/en/5/5d/My_Name_Is_Khan_film_poster.jpg,28-10-2016,"
",-,Karan Johar,-,121,8.4,Thriller
Bhaag Milkha Bhaag,"Bhaag Milkha Bhaag (English: ""Run Milkha Run"") is a 2013 Indian biographical sports drama film directed by Rakeysh Omprakash Mehra from a script written by Prasoon Joshi. The story is based on the life of Milkha Singh# an Indian athlete who was a national champion runner and an Olympian. It stars Farhan Akhtar in the lead role with Pavan Malhotra and Art Malik in supporting roles and Sonam Kapoor in a cameo. Sports was coordinated by the American action director Rob Miller of ReelSports.
Made on a budget of ?300 million (US$4.5 million)# the film released on 12 July 2013 and gathered a positive response from critics and audiences alike. It performed very well at the box office# eventually being declared a ""super hit"" domestically and hit overseas. Bhaag Milkha Bhaag is the sixth highest grossing 2013 Bollywood film worldwide and became the 21st film to gross ?1 billion (US$15 million).
Singh and his daughter# Sonia Sanwalka# co-wrote his autobiography# titled The Race of My Life.",https://upload.wikimedia.org/wikipedia/en/4/42/Bhaag_Milkha_Bhaag_poster.jpg,29-07-2016,Rajiv Tandon,Prasoon Joshi,Rakeysh Omprakash Mehra,Hindi,107,8.6,Romance
Mohabbatein,"Mohabbatein (Hindi: ?????????# English: Love Stories) is a 2000 Indian musical romantic drama film directed by Aditya Chopra. It was Chopra's second directorial venture after Dilwale Dulhania Le Jayenge and was filmed at India and the United Kingdom. The film stars Shah Rukh Khan and Amitabh Bachchan in pivotal roles# along with six young debutantes. Aishwarya Rai appeared in flashbacks as Khan's lover. The film's soundtrack was composed by Jatin-Lalit# while the lyrics were penned by Anand Bakshi. The film is notable for being the first time that Bachchan and Khan appeared on-screen together.
The film went on to do well both critically and commercially. Despite being the second highest grosser of the year domestically# it was the highest-earning Hindi film of 2000 overseas# and surpassed Kaho Naa...",https://upload.wikimedia.org/wikipedia/en/9/94/Mohabbatein.jpg,09-09-2016,Yash Chopra,Aditya Chopra,Aditya Chopra,Hindi,96,8.7,Thriller
Malamaal Weekly,"Malamaal Weekly is a 2006 Bollywood comedy film written and directed by Priyadarshan and starring Paresh Rawal and Om Puri. The storyline has similarities with Waking Ned Devine.
The film was rated poorly by most critics in India but was a surprise hit among cinema-goers. The film was remade in Telugu as Bhagyalakshmi Bumper Draw and in Kannada as Dakota Picture. Priyadarshan himself remade the film in Malayalam as Aamayum Muyalum.",https://upload.wikimedia.org/wikipedia/en/1/1b/Malamaalweeklyposter.jpg,19-02-2016,Suresh Balaje,-,Priyadarshan,Hindi,102,8.7,Action
Salaam Namaste,"Salaam Namaste is a 2005 Bollywood musical romantic comedy film. It is directed by first-time director Siddharth Anand and produced by Aditya Chopra and Yash Chopra under the Yash Raj Films banner. The film stars Saif Ali Khan and Preity Zinta in their fourth film together. Arshad Warsi# Tania Zaetta and Jugal Hansraj appear in supporting roles. Released on 9 September 2005# it was the first Indian movie to be filmed entirely in Australia.
The film tells the story of two young and modern Indians# Nick and Ambar# who have left their homes in India to make a life on their own in Melbourne# Australia. The story follows one year of their lives# dealing with their problems and relationships# from their first meeting at a wedding ceremony# to their decision to move in together without marriage# to their break-up upon discovering that Ambar is pregnant.
Salaam Namaste became one of the biggest box-office hits of 2005 in India# as well as India's biggest hit in the overseas market that year.",https://upload.wikimedia.org/wikipedia/en/c/c8/Salaam_Namaste_promopic.jpg,17-06-2016,Aditya Chopra,Abbas Tyrewala,Siddharth Anand,Hindi,112,7.9,Comedy
Cheeni Kum,Cheeni Kum is a 2007 Bollywood romance film directed by R. Balki# starring Amitabh Bachchan# Tabu# Paresh Rawal# Zohra Sehgal and Swini Khara.,https://upload.wikimedia.org/wikipedia/en/e/ee/Cheeni_Kum_poster.jpg,12-02-2016,Sunil Manchanda,R. Balki,R. Balki,Hindi,161,8.4,Romance
Mere Brother Ki Dulhan,Mere Brother Ki Dulhan# (My Brother's Bride) also known by the abbreviated form MBKD# is a 2011 Indian romantic drama film directed and written by Ali Abbas Zafar. It stars Imran Khan# Katrina Kaif# Ali Zafar and debutante Tara D’Souza in the lead roles. Produced and distributed by Yash Raj Films# the official theatrical trailer was released on 13 July 2011. The film released on 9 September 2011# to mixed reviews from critics. It was a box office hit grossing ?974.0 million (US$14 million).,https://upload.wikimedia.org/wikipedia/en/8/83/Mere_Brother_Ki_Dulhan22.jpg,17-07-2015,Aditya Chopra,Ali Abbas Zafar,Ali Abbas Zafar,Hindi,165,8.1,Romance
Ishq Vishk,"Ishq Vishk (English: Love Romance) is a 2003 Bollywood coming-of-age romance film starring Shahid Kapoor in his debut film performance# Amrita Rao and Shenaz Treasurywala.
It is about Rajiv (Shahid Kapoor) and Payal (Amrita Rao) who are friends since childhood. While Payal is in love with Rajiv# it takes him a bit longer to return her feelings. The film became a success and launched both Shahid Kapoor's career and Amrita Rao's career.
Shahid and Amrita later appeared in Vaah!",https://upload.wikimedia.org/wikipedia/en/4/4b/IshqVishk_Poster.jpg,02-10-2015,Kumar Taurani,-,Ken Ghosh,Hindi,153,9,Comedy
Bachna Ae Haseeno,Bachna Ae Haseeno (English: Watch Out# Ladies) is an Indian romantic drama released 15 August 2008. The lead stars in this movie are Ranbir Kapoor# Bipasha Basu# Deepika Padukone# and Minissha Lamba. Its director was Siddharth Anand# whose previous projects include Salaam Namaste (2005) and Ta Ra Rum Pum (2007). It was the eighth highest grossing movie of 2008.,https://upload.wikimedia.org/wikipedia/en/c/c5/Bachna_Ae_Haseeno.jpg,22-05-2015,Aditya Chopra,-,Siddharth Anand,Hindi,191,9.4,Tragedy
Kabhi Alvida Naa Kehna,"Kabhi Alvida Naa Kehna (English: Never Say Good Bye)# also known as KANK# is a 2006 Indian musical romantic drama directed by Karan Johar and produced under the Dharma Productions banner. Released on 11 August 2006 in India and North America# it stars Shah Rukh Khan# Rani Mukerji# Abhishek Bachchan# and Preity Zinta in the lead roles# while Amitabh Bachchan and Kirron Kher play pivotal supporting roles. Arjun Rampal also makes a special appearance in the film.
Set and mostly taking place in New York City# Kabhi Alvida Naa Kehna explores themes of adultery and extramarital affairs. Kabhi Alvida Naa Kehna was promoted with the tag-line# ""A Love.... That Broke All Relationships"". It was a success internationally especially in the United States. It became the highest grossing Indian film of all time overseas at the time of its release.",https://upload.wikimedia.org/wikipedia/en/c/ca/KANK_poster.jpg,08-05-2015,Hiroo Yash Johar,Karan Johar,Karan Johar,Hindi,190,8.9,Action
Mere Yaar Ki Shaadi Hai,Mere Yaar Ki Shaadi Hai (English: It's My Friend's Wedding) is a 2002 Indian Bollywood film directed by Sanjay Gadhvi and produced by Yash Chopra and Aditya Chopra under Yash Raj Films. The film starred Uday Chopra# Jimmy Shergill# Bipasha Basu and Tulip Joshi. The film was said to be partly inspired by My Best Friend's Wedding (1997). The director Gadhvi# however# claims that he mainly drew from earlier Hindi films and that My Best Friend's Wedding only provided less than 1% of the inspiration for his film.,https://upload.wikimedia.org/wikipedia/en/4/47/Mere_yaar_ki_shaadi_hai_dvd.jpg,12-11-2015,Yash Chopra,Mayur Puri,Sanjay Gadhvi,Hindi,167,9,Action
Swades,Swades: We# the People (pronounced [s???d?e??]# English: Own Country) is a 2004 Indian drama film written# produced and directed by Ashutosh Gowariker. It stars Shah Rukh Khan and Gayatri Joshi in her first and only film to date. The film received widespread critical acclaim and a cult following from Indian and other South Asian audiences around the world. It is widely regarded as one of the best Bollywood films of the decade and was later dubbed and released in Tamil under the title Desam.,https://upload.wikimedia.org/wikipedia/en/5/5f/Swades_movie_poster.png,13-03-2015,Ashutosh Gowariker,Ashutosh Gowariker,Ashutosh Gowariker,Hindi,126,8,Thriller
Dil Chahta Hai,"Dil Chahta Hai (English: The Heart Desires) is a 2001 Indian comedy-drama film starring Aamir Khan# Saif Ali Khan# Akshaye Khanna# Preity Zinta# Sonali Kulkarni# and Dimple Kapadia. The first film written and directed by Farhan Akhtar# it is set in modern-day urban Mumbai and Sydney# and focuses on a major period of transition in the lives of three young friends.
In 2001# the film won National Film Award for Best Feature Film in Hindi. It performed better in the urban areas of the country compared to the rural areas# which was attributed by critics to the city-oriented lifestyle depicted in which all the characters are from rich or upper-middle-class families. Over the years# it has attained a cult status.",https://upload.wikimedia.org/wikipedia/en/d/db/Dil_Chahta_Hai.jpg,05-06-2015,Ritesh Sidhwani,-,Farhan Akhtar,Hindi,124,9,Thriller
Taare Zameen Par,"Taare Zameen Par (titled Like Stars on Earth internationally) is a 2007 Indian drama film produced and directed by Aamir Khan. Darsheel Safary stars as 8-year-old Ishaan# and Khan plays his art teacher. Creative director and writer Amole Gupte initially developed the idea with his wife Deepa Bhatia# who served as the film's editor. Visual effects are by Tata Elxsi's Visual Computing Labs# and the title animation—the first use of clay animation in a Bollywood film—was created by Dhimant Vyas. Shankar–Ehsaan–Loy composed the film's score# and Prasoon Joshi wrote the lyrics for many of the songs. Principal photography took place in Mumbai and in Panchgani's New Era High School# and some of the school's students make appearances.
The film explores the life and imagination of Ishaan# an 8-year-old dyslexic child. Although he excels in art# his poor academic performance leads his parents to send him to a boarding school.",https://upload.wikimedia.org/wikipedia/en/b/b4/Taare_Zameen_Par_Like_Stars_on_Earth_poster.png,19-05-2015,Aamir Khan,Amole Gupte,Aamir Khan,Hindi,170,8.9,Tragedy
Manorama Six Feet Under,"Manorama Six Feet Under is a 2007 Indian thriller film directed and co-written by Navdeep Singh. The film features Abhay Deol# Raima Sen and Gul Panag in the lead roles. The film released on 21 September 2007.
The movie is a neo-noir with an amateur detective in a small sleepy town from Rajasthan who finds himself caught in a web of lies# deceit and murder. This movie is based on Chinatown (1974) by Roman Polanski# with the basic premise being similar to the original# despite changes in the representation of characters and some key plot points. In a cinema-noir style# the makers of Manorama Six Feet Under acknowledge the inspiration from the original by playing the sequence where Jack Nicholson's character gets his nose slashed on the main character's (Satyaveer) television.",https://upload.wikimedia.org/wikipedia/en/d/dd/Manorama_six_feet_under_poster.jpg,24-06-2015,Ketan Maroo,Devika Bhagat,Navdeep Singh,Hindi,148,9.2,Tragedy
