Castle ,https://upload.wikimedia.org/wikipedia/en/4/48/CastleIntertitle.png,Andrew W. Marlowe,8.4,32,2010/08/26,Thriller,8,"Castle is an American crime-comedy-drama television series, which aired on ABC for a total of eight seasons from March 9, 2009 to May 16, 2016. The series is produced jointly by Beacon Pictures and ABC Studios.
Created by Andrew W. Marlowe, it primarily traces the lives of Richard Castle (Nathan Fillion), a best-selling mystery novelist, and Kate Beckett (Stana Katic), an NYPD homicide detective, as they solve various unusual crimes in New York City. Detective Beckett is initially infuriated at the thought of working with a writer and goes to great lengths to keep him out of her way. However, the two soon start developing feelings for each other. The overarching plot of the series focused on the romance between the two lead characters and their ongoing investigation of the murder of Beckett's mother.
On May 12, 2016, it was announced that despite some cast members signing one-year contracts for a potential ninth season, the show was canceled."
How I Met Your Mother,https://upload.wikimedia.org/wikipedia/en/f/fc/Howimetyourmother.jpg,Carter Bays,8.9,45,2010/12/29,Sitcom,11,"How I Met Your Mother (often abbreviated to HIMYM) is an American sitcom that originally aired on CBS from September 19, 2005, to March 31, 2014. The series follows the main character, Ted Mosby, and his group of friends in Manhattan. As a framing device, Ted, in the year 2030, recounts to his son and daughter the events that led him to meeting their mother.
The series was created by Craig Thomas and Carter Bays, who also served as the show's executive producers and were frequent writers. The series was loosely inspired by their friendship when they both lived in New York City. Among the 208 episodes, there were only four directors: Pamela Fryman (196 episodes), Rob Greenberg (7 episodes), Michael Shea (4 episodes), and Neil Patrick Harris (1 episode).
Known for its unique structure and eccentric humor, How I Met Your Mother has gained a cult following over the years. The show initially received positive reviews, while the later seasons received more mixed reviews."
Friends,https://upload.wikimedia.org/wikipedia/commons/b/bc/Friends_logo.svg,David Crane,7.6,47,2015/01/05,Sitcom,8,"Friends is an American television sitcom, created by David Crane and Marta Kauffman, which aired on NBC from September 22, 1994, to May 6, 2004, lasting ten seasons. With an ensemble cast starring Jennifer Aniston, Courteney Cox, Lisa Kudrow, Matt LeBlanc, Matthew Perry and David Schwimmer, the show revolves around six 20-30 something friends living in Manhattan. The series was produced by Bright/Kauffman/Crane Productions, in association with Warner Bros. Television. The original executive producers were Kevin S. Bright, Marta Kauffman, and David Crane.
Kauffman and Crane began developing Friends under the title Insomnia Cafe between November and December 1993. They presented the idea to Bright, and together they pitched a seven-page treatment of the show to NBC. After several script rewrites and changes, including a title change to Six of One and Friends Like Us, the series was finally named Friends.
Filming took place at Warner Bros."
Doctor Who,https://upload.wikimedia.org/wikipedia/en/0/05/Doctor_Who_-_Current_Titlecard.png,David Crane,6.6,39,2016/02/15,Science fiction,10,"Doctor Who is a British science-fiction television programme produced by the BBC since 1963. The programme depicts the adventures of the Doctor, a Time Lord—a space and time-travelling humanoid alien. He explores the universe in his TARDIS, a sentient time-travelling space ship. Its exterior appears as a blue British police box, which was a common sight in Britain in 1963 when the series first aired. Accompanied by companions, the Doctor combats a variety of foes, while working to save civilisations and help people in need.
The show is a significant part of British popular culture, and elsewhere it has become a cult television favourite. The show has influenced generations of British television professionals, many of whom grew up watching the series. The programme originally ran from 1963 to 1989."
Game of Thrones,https://upload.wikimedia.org/wikipedia/en/d/d8/Game_of_Thrones_title_card.jpg,David Crane,9.5,31,2014/10/02,"Drama
",7,"Game of Thrones is an American fantasy drama television series created by David Benioff and D. B. Weiss. It is an adaptation of A Song of Ice and Fire, George R. R. Martin's series of fantasy novels, the first of which is A Game of Thrones. It is filmed at Titanic Studios in Belfast, on location elsewhere in the United Kingdom, and in Croatia, Iceland, Malta, Morocco, Spain, and the United States. The series premiered on HBO in the United States on April 17, 2011, and its sixth season ended on June 26, 2016. The series was renewed for a seventh season, scheduled to premiere in mid-2017, with a total of seven episodes and will conclude with its eighth season in 2018.
Set on the fictional continents of Westeros and Essos, it has several plot lines and a large ensemble cast. The first story arc follows a dynastic conflict among competing claimants for succession to the Iron Throne of the Seven Kingdoms, with other noble families fighting for independence from the throne. The second covers attempts to reclaim the throne by the exiled last scion of the realm's deposed ruling dynasty; the third chronicles the threat of the impending winter and the legendary creatures and fierce peoples of the North."
Broadchurch,https://upload.wikimedia.org/wikipedia/en/7/7e/Broadchurch_titlecard.jpg,Chris Chibnall,9.7,36,2014/03/04,Crime drama,10,"Broadchurch is a British television crime drama broadcast on ITV. It was created and written by Chris Chibnall and produced by Kudos Film and Television, Shine America, and Imaginary Friends. The first series (which premiered on 4 March 2013), focused on the death of an 11-year-old boy and the impact of grief, mutual suspicion, and media attention on the town. Filming for series two began in late May 2014, concluded on 12 October 2014, and premiered on 5 January 2015. Series three was confirmed on 23 February 2015, immediately following the series two finale.
Broadchurch series one focused on the search for the boy's murderer by detectives Alec Hardy (played by David Tennant) and Ellie Miller (played by Olivia Colman). Chibnall was inspired by the Jurassic Coast of Britain to set his crime drama in a fictional, close-knit small town in Dorset. Much of the tone of the series was inspired by the music of Ólafur Arnalds, who also composed the soundtrack for the programme. Writing on spec, Chibnall convinced ITV to green-light the series in the autumn of 2011."
Antiques Roadshow,https://upload.wikimedia.org/wikipedia/en/a/a0/Antiques_Roadshow_%28title_card%29.jpg,,9.1,30,2010/11/28,Romance,3,"Antiques Roadshow is a British television show in which antiques appraisers travel to various regions of the United Kingdom (and occasionally in other countries) to appraise antiques brought in by local people. It has been running since 1979, based on a 1977 documentary series. The series has spawned versions in other countries with the same TV format, including Canada and the United States. As of 2016 it is presented by Fiona Bruce and is in its 39th series."
The Big Bang Theory,https://upload.wikimedia.org/wikipedia/en/7/7b/The_Big_Bang_Theory_%28Official_Title_Card%29.png,Chuck Lorre,9,32,2013/02/01,Sitcom,8,"The Big Bang Theory (often shortened to Big Bang Theory, and often abbreviated to TBBT or BBT) is an American television sitcom created by Chuck Lorre and Bill Prady, both of whom serve as executive producers on the series, along with Steven Molaro. All three also serve as head writers. The show premiered on CBS on September 24, 2007. In March 2014, the show was renewed for three more years through a tenth season, which premiered on September 19, 2016.
The show is primarily centered on five characters living in Pasadena, California: Leonard Hofstadter and Sheldon Cooper, both physicists at Caltech, who share an apartment; Penny, a waitress and aspiring actress who later becomes a pharmaceutical representative and who lives across the hall; and Leonard and Sheldon's similarly geeky and socially awkward friends and co-workers, aerospace engineer Howard Wolowitz and astrophysicist Raj Koothrappali. The geekiness and intellect of the four guys are contrasted for comic effect with Penny's social skills and common sense.
Over time, supporting characters have been promoted to starring roles: Bernadette Rostenkowski, Howard's girlfriend (later his wife), a microbiologist and former part-time waitress alongside Penny; neuroscientist Amy Farrah Fowler, who joins the group after being matched to Sheldon on a dating website (and later becomes Sheldon's girlfriend); Stuart Bloom, the cash-strapped owner of the comic book store the characters often visit; Leslie Winkle, a physicist who dated Leonard and Howard; and Emily Sweeney, a dermatologist who dated Raj and had a fascination with the macabre."
Mad Men,https://upload.wikimedia.org/wikipedia/en/3/33/Mad-men-title-card.jpg,Matthew Weiner,7.8,48,2013/11/27,Period drama,10,"Mad Men is an American period drama television series created by Matthew Weiner and produced by Lionsgate Television. The series premiered on July 19, 2007, on the cable network AMC. After seven seasons and 92 episodes, Mad Men's final episode aired on May 17, 2015.
Mad Men is set primarily in the 1960s, initially at the fictional Sterling Cooper advertising agency on Madison Avenue in New York City, and later at the newly created firm, Sterling Cooper Draper Pryce (later Sterling Cooper & Partners), located nearby in the Time-Life Building, at 1271 Sixth Avenue. According to the show's pilot, the phrase ""Mad men"" was a slang term coined in the 1950s by advertisers working on Madison Avenue to refer to themselves, a claim that has since been disputed. Don Draper (Jon Hamm) is featured in the series, initially as the talented creative director at Sterling Cooper and later a founding partner at Sterling Cooper Draper Pryce, and the people in his personal and professional lives. The plot focuses on the business of the agencies as well as the personal lives of the characters, regularly depicting the changing moods and social mores of the United States through the 1960s. Season 1 begins in March 1960 and moves through November 1970 by the conclusion of Season 7.
Throughout its run, Mad Men received widespread critical acclaim for its writing, acting, and historical authenticity; it has won many awards, including 16 Emmys and five Golden Globes."
House of Cards ,https://upload.wikimedia.org/wikipedia/en/3/3f/House_of_Cards_title_card.png,Beau Willimon,9.7,37,2010/09/07,Political drama,8,"House of Cards is an American political drama web television series created by Beau Willimon. It is an adaptation of the BBC's mini-series of the same name and is based on the novel by Michael Dobbs. The entire first season, comprising thirteen episodes, premiered on February 1, 2013, on the streaming service Netflix. A second season of thirteen episodes premiered on February 14, 2014, while a third season premiered on February 27, 2015. House of Cards was renewed for a fourth season, which premiered on March 4, 2016. In January 2016, Netflix announced that the show had been renewed for a fifth season, due for release in 2017, along with announcing that Willimon would step down as showrunner after the fourth season. Willimon has stated that plans for the show's future are decided after each season.
Set in present-day Washington, D.C., House of Cards is the story of Frank Underwood (Kevin Spacey), a Democrat from South Carolina's 5th congressional district and House Majority Whip who, after being passed over for appointment as Secretary of State, initiates an elaborate plan to get himself into a position of greater power, aided by his wife, Claire Underwood (Robin Wright)."
Black Mirror,https://upload.wikimedia.org/wikipedia/en/2/24/BlackMirrorTitleCard.jpg,Charlie Brooker,4.4,44,2013/08/08,Science fiction,10,"Black Mirror is a British television anthology series created by Charlie Brooker that features speculative fiction with dark and sometimes satirical themes that examine modern society, particularly with regard to the unanticipated consequences of new technologies. The series is produced by Zeppotron for Endemol and was first broadcast on Channel 4 in 2011.
Regarding the programme's content and structure, Brooker noted, ""each episode has a different cast, a different setting, even a different reality. But they're all about the way we live now – and the way we might be living in 10 minutes' time if we're clumsy."" The series has received critical acclaim, and has seen an increase in interest internationally (particularly in the US) after being added to Netflix. Stephen King, in particular, has noted his interest in the series.
In September 2015, Netflix commissioned a third season of 12 episodes, which was later divided into two seasons of six episodes; the third season was released on Netflix worldwide on 21 October 2016."
The Great British Bake Off,https://upload.wikimedia.org/wikipedia/en/8/83/The_Great_British_Bake_Off_title.jpg,Charlie Brooker,7.6,34,2011/11/12,Baking,6,"The Great British Bake Off, often referred to as Bake Off or GBBO, is a BAFTA award-winning British television baking competition which selects from amongst its contestants the best amateur baker. The series is presented by Mel Giedroyc and Sue Perkins, and judged by cookery writer Mary Berry and professional baker Paul Hollywood."
Downton Abbey,https://upload.wikimedia.org/wikipedia/en/3/32/Downton_Abbey_Series_1.jpg,Julian Fellowes,9.3,40,2016/11/24,Historical period drama,9,"Downton Abbey is a British-American historical period drama television series created by Julian Fellowes and co-produced by Carnival Films and Masterpiece. It first aired on ITV in the United Kingdom on 26 September 2010, and on PBS in the United States on 9 January 2011 as part of the Masterpiece Classic anthology.
The series, set in the fictional Yorkshire country estate of Downton Abbey between 1912 and 1925, depicts the lives of the aristocratic Crawley family and their domestic servants in the post-Edwardian era—with the great events in history having an effect on their lives and on the British social hierarchy. Such events depicted throughout the series include news of the sinking of the RMS Titanic in the first series; the outbreak of the First World War, the Spanish influenza pandemic, and the Marconi scandal in the second series; the Irish War of Independence leading to the formation of the Irish Free State in the third series; the Teapot Dome scandal in the fourth series; and the British general election of 1923, the Jallianwala Bagh Massacre, and the Beer Hall Putsch in the fifth series. The final season introduces the rise of the working class during the interwar period and hints towards the eventual decline of the British aristocracy.
Downton Abbey has received acclaim from television critics and won numerous accolades, including a Golden Globe Award for Best Miniseries or Television Film and a Primetime Emmy Award for Outstanding Miniseries or Movie. It was recognised by Guinness World Records as the most critically acclaimed English-language television series of 2011. It earned the most nominations of any international television series in the history of the Primetime Emmy Awards, with twenty-seven in total (after two series)."
The Wire,https://upload.wikimedia.org/wikipedia/en/6/62/The_Wire.jpg,David Simon,5.2,48,2011/01/08,Crime drama,6,"The Wire is an American crime drama television series set and produced in and around Baltimore, Maryland. Created and primarily written by author and former police reporter David Simon, the series was broadcast by the cable network HBO in the United States. The Wire premiered on June 2, 2002, and ended on March 9, 2008, comprising 60 episodes over five seasons.
Each season of The Wire introduces a different institution in the city of Baltimore and its relationship to law enforcement, while retaining characters and advancing storylines from previous seasons. In chronological order these institutions are: the illegal drug trade, the seaport system, the city government and bureaucracy, the school system, and the print news media. The large cast consists mainly of actors who are little known for their other roles, as well as numerous real-life Baltimore and Maryland figures in guest and recurring roles. Simon has said that despite its framing as a crime drama, the show is ""really about the American city, and about how we live together. It's about how institutions have an effect on individuals."
The Inbetweeners,https://upload.wikimedia.org/wikipedia/en/c/c0/The_Inbetweeners_cast.png,Damon Beesley,7.7,37,2014/01/28,Sitcom,6,"The Inbetweeners is a British sitcom that originally aired on E4 from 2008 to 2010. Created and written by Damon Beesley and Iain Morris, the show followed the life of suburban teenager Will McKenzie (Simon Bird) and his three friends at the fictional Rudge Park Comprehensive. The episodes involved situations of school bullying, broken family life, indifferent school staff, male bonding, and largely failed sexual encounters.
Although it only aired for less than three years, the show was nominated for 'Best Situation Comedy' at BAFTA twice, in 2009 and 2010. At the British Academy Television Awards 2010, it won the Audience Award, and in 2010 the show won the Best Sitcom award at the British Comedy Awards. In the 2011 British Comedy Awards, the show also won the award for Outstanding Contribution to British Comedy. The Inbetweeners Movie was released on 17 August 2011 to box office success, and a sequel followed on 6 August 2014.
A U.S. version of The Inbetweeners aired on MTV for one season in 2012, but was cancelled due to low ratings."
Peaky Blinders ,https://upload.wikimedia.org/wikipedia/en/e/e8/Peaky_Blinders_titlecard.jpg,Steven Knight,8.1,48,2014/06/05,Historical fiction,7,"Peaky Blinders is a television crime drama based upon the exploits of the Peaky Blinders gang, operating in Birmingham, England during the aftermath of the First World War. The series was created by Steven Knight and produced by Caryn Mandabach Productions and Tiger Aspect Productions. The series centers around and stars Cillian Murphy as Tommy Shelby, the gang's leader, and Sam Neill as a commissioned detective tasked with the suppression of the gang.
The first series aired on BBC Two on 13 September 2013 and ran for six episodes. The second series premiered on 2 October 2014. The third series premiered on 5 May 2016.
On 26 May 2016, the BBC announced that they had ordered a fourth and fifth series of the show."
Better Call Saul,https://upload.wikimedia.org/wikipedia/en/9/95/Better_Call_Saul_logo.png,Vince Gilligan,8.6,39,2014/05/30,Crime drama,5,"Better Call Saul is an American television crime drama series created by Vince Gilligan and Peter Gould. It is a spin-off prequel of Breaking Bad, which was also created by Gilligan. Set in 2002, Better Call Saul follows the story of small-time lawyer James Morgan ""Jimmy"" McGill (Bob Odenkirk), six years before his appearance on Breaking Bad as Saul Goodman; events after the original series are briefly explored.
The first season, which premiered on AMC on February 8, 2015, consists of 10 episodes. The show's 10-episode second season premiered on February 15, 2016. On March 15, 2016, the series was renewed for a 10-episode third season.
Like its predecessor, Better Call Saul has received critical acclaim. It has garnered several nominations, including fourteen Primetime Emmy Awards, three Writers Guild of America Awards, two Critics' Choice Television Awards, a Screen Actors Guild Award and a Golden Globe Award."
Master of None,https://upload.wikimedia.org/wikipedia/commons/d/d3/Masters_of_None_Intertitle.png,Vince Gilligan,9.7,43,2013/12/18,Comedy-drama,9,"Master of None is an American comedy-drama web television series, which was released for streaming on November 6, 2015 on Netflix. The series was created by Aziz Ansari and Alan Yang, and stars Ansari in the lead role of Dev, a 30-year-old actor who attempts to make his way through life in New York City. The first season consists of 10 episodes. The show's title alludes to the figure of speech, ""Jack of all trades, master of none"" and was originally suggested by Ansari. The series later incorporated a song of the same name by Beach House. Ansari says it took months to come up with the show's title and he and Yang did not ultimately agree on it until all of the episodes were completed.
The show was renewed for a second season in February 2016, scheduled to premiere in 2017."
Orange Is the New Black,https://upload.wikimedia.org/wikipedia/commons/9/9c/Orange_is_the_new_Black.png,Jenji Kohan,7.5,31,2015/06/14,Comedy-drama,9,"Orange Is the New Black (sometimes abbreviated to OITNB) is an American comedy-drama web television series. The series, created by Jenji Kohan and produced by Tilted Productions in association with Lionsgate Television, is based on Piper Kerman's memoir, Orange Is the New Black: My Year in a Women's Prison (2010), about her experiences at FCI Danbury, a minimum-security federal prison. Orange Is the New Black is streamed on Netflix, and premiered on July 11, 2013. The series' fourth season was released on June 17, 2016. In February 2016, the series was renewed for a fifth, sixth, and seventh season.
Orange Is the New Black has become Netflix's most-watched original series. It has received critical acclaim and many accolades. For its first season, the series garnered 12 Primetime Emmy Award nominations, including Outstanding Comedy Series, Outstanding Writing for a Comedy Series, and Outstanding Directing for a Comedy Series, winning three."
Modern Family,https://upload.wikimedia.org/wikipedia/commons/7/77/Modern_Family_Title.svg,Jenji Kohan,7,33,2012/11/08,Comedy-drama,10,"Modern Family is an American television mockumentary that premiered on ABC on September 23, 2009, which follows the lives of Jay Pritchett and his family, all of whom live in suburban Los Angeles. Pritchett's family includes his second wife, his stepson, as well as his two adult children and their spouses and children. Christopher Lloyd and Steven Levitan conceived the series while sharing stories of their own ""modern families"". Modern Family employs an ensemble cast. The series is presented in mockumentary style, with the fictional characters frequently talking directly into the camera. The series premiered on September 23, 2009, and the eighth season premiered on September 21, 2016.
Modern Family was acclaimed by critics throughout its first season, although reception has become more mixed as the series has progressed. The show won the Emmy Award for Outstanding Comedy Series in each of its first five years and the Emmy Award for Outstanding Supporting Actor in a Comedy Series four times, twice for Eric Stonestreet and twice for Ty Burrell, as well as the Outstanding Supporting Actress in a Comedy Series twice for Julie Bowen."
The Good Wife,https://upload.wikimedia.org/wikipedia/commons/1/1c/The_Good_Wife_Logo.png,Robert King,8.7,44,2014/07/20,Legal drama,7,"The Good Wife is an American legal and political drama television series that aired on CBS from September 22, 2009 to May 8, 2016. The series focuses on Alicia Florrick, the wife of the Cook County State's Attorney, who returns to her career in law after the events of a public sex and political corruption scandal involving her husband. The series, created by Robert and Michelle King, stars Julianna Margulies, Josh Charles, Christine Baranski, Matt Czuchry, Archie Panjabi, and Alan Cumming, and features Chris Noth in a recurring role. The executive producers are Ridley Scott, Charles McDougall, and David W. Zucker. The Good Wife is a heavily serialized show featuring many story arcs that carry over several episodes, as well as stand-alone procedural storylines that are concluded by the end of each episode. The serial plots have been especially showcased in its highly praised fifth season. This is a rarity among The Good Wife's broadcaster CBS, as most of its shows are procedural.
The Good Wife won numerous prestigious awards, including five Emmys and the 2014 Television Critics Association Award for Outstanding Achievement in Drama."
Fresh Off the Boat,https://upload.wikimedia.org/wikipedia/en/1/11/Fresh_Off_the_Boat_intertitle.png,Nahnatchka Khan,5.9,50,2011/10/13,Sitcom,4,"Fresh Off the Boat is a American sitcom series starring Hudson Yang, Randall Park, and Constance Wu that is loosely inspired by the life of chef and food personality Eddie Huang and his book Fresh Off the Boat: A Memoir. It is the first American television sitcom starring an Asian-American family as protagonists to air on network primetime since Margaret Cho's All American Girl, which aired for one season in 1994. Its style has been compared to the comedy series Everybody Hates Chris. The flashback technique with voice-over narration from the present day (first season only) is similar to The Wonder Years.
The show debuted on ABC with two preview episodes on February 4, 2015. The second episode which aired after Modern Family was promoted as a bonus episode and formally premiered in its prime time slot on February 10, 2015. The first of the two preview episodes garnered 7.94 million viewers, becoming the second highest rated comedy premiere that season.
On May 7, 2015, ABC renewed Fresh off the Boat for a second season of 13 episodes."
Legends of Tomorrow,https://upload.wikimedia.org/wikipedia/en/2/2f/Legends_of_Tomorrow_Intertitle.png,,7.9,40,2014/03/15,Superhero,3,"DC's Legends of Tomorrow, or simply Legends of Tomorrow, is an American superhero action-adventure television series developed by Greg Berlanti, Marc Guggenheim, Andrew Kreisberg, and Phil Klemmer, who are also executive producers along with Sarah Schechter and Chris Fedak; Klemmer serves as showrunner. The series, based on the characters of DC Comics, airs on The CW and premiered on January 21, 2016. The show is a spin-off from Arrow and The Flash, existing in the same fictional universe. On March 11, 2016, The CW renewed the series for a second season, which debuted on October 13, 2016."
The Good Place,https://upload.wikimedia.org/wikipedia/en/b/b1/The_Good_Place_title_card.png,Michael Schur,8.2,42,2014/10/25,Fantasy,8,"The Good Place is an American fantasy sitcom television series created by Mike Schur, starring Kristen Bell and Ted Danson. NBC placed a 13-episode, straight-to-series order for the show in August 2015. The series debuted on Monday, September 19, 2016, before being moved to its Thursday night 8:30 pm (EDT) time slot on September 22, 2016. A preview trailer was released on May 15, 2016."
The Vampire Diaries,https://upload.wikimedia.org/wikipedia/en/4/48/The_Vampire_Diaries_%28title_card%29.png,,7.8,40,2016/04/29,Drama,8,"The Vampire Diaries is an American supernatural drama television series developed by Kevin Williamson and Julie Plec, based on the popular book series of the same name written by L. J. Smith. The series premiered on The CW on September 10, 2009.
The pilot episode attracted the largest audience for The CW of any series premiere since the network began in 2006. The first season averaged 3.60 million viewers. It was the most-watched series on the network before being supplanted by Arrow. The show has received numerous award nominations, winning four People's Choice Award and many Teen Choice Awards.
On April 26, 2013, The CW officially announced that the spin-off The Originals, which focuses on the Original family, had been ordered to series, and the show began airing during the 2013–14 American television season.
On April 6, 2015, lead actress Nina Dobrev confirmed via Instagram that she would be leaving the show after its sixth season, as well as her co-star Michael Trevino (who plays Tyler Lockwood), although he has appeared as a guest star in season seven."
True Detective,https://upload.wikimedia.org/wikipedia/en/5/5a/True_Detective_2014_Intertitle.jpg,Nic Pizzolatto,9.2,35,2011/12/09,Anthology,8,"True Detective is an American anthology crime drama television series created and written by Nic Pizzolatto. The series, broadcast by the premium cable network HBO in the United States, premiered on January 12, 2014. Each season of the series is structured as a disparate, self-contained narrative, employing new cast ensembles and following various sets of characters and settings.
The first season, starring Matthew McConaughey, Woody Harrelson, Michelle Monaghan, Michael Potts, and Tory Kittles, takes place in Louisiana and follows a pair of Louisiana State Police homicide detectives, and their pursuit of a serial killer over a 17-year period. The second season, starring Colin Farrell, Rachel McAdams, Taylor Kitsch, Kelly Reilly, and Vince Vaughn, is set in California, and focuses on three detectives from three cooperating police departments and a criminal-turned-businessman as they investigate a series of crimes they believed are linked to the murder of a corrupt politician.
The first season received generally excellent reviews from critics and earned high ratings for HBO. It was nominated for and won numerous awards and other accolades, chiefly for its acting, cinematography, writing, and direction."
Rectify,https://upload.wikimedia.org/wikipedia/commons/a/a5/Rectify_series_logo_svg.svg,Ray McKinnon,3.9,35,2013/06/26,Drama,10,"Rectify is an American television drama series created by Ray McKinnon and the first original series from SundanceTV. It stars Aden Young, Abigail Spencer, J. Smith-Cameron, Adelaide Clemens, Clayne Crawford, and Luke Kirby. The series premiered on April 22, 2013 with a season one run of six episodes. On May 1, 2013, SundanceTV ordered a second season of ten episodes, which premiered on June 19, 2014. A third season consisting of six episodes premiered on July 9, 2015. Prior to its third-season premiere, Rectify was renewed for a fourth season, later confirmed to be the final season, which premiered on October 26, 2016."
Breaking Bad,https://upload.wikimedia.org/wikipedia/en/6/61/Breaking_Bad_title_card.png,Vince Gilligan,7.9,33,2011/03/11,Crime drama,7,"Breaking Bad is an American crime drama television series created and produced by Vince Gilligan. The show originally aired on the AMC network for five seasons, from January 20, 2008, to September 29, 2013. It tells the story of Walter White (Bryan Cranston), a struggling high school chemistry teacher diagnosed with inoperable lung cancer. Together with his former student Jesse Pinkman (Aaron Paul), White turns to a life of crime, producing and selling crystallized methamphetamine to secure his family's financial future before he dies, while navigating the dangers of the criminal world. The title is from a Southern colloquialism meaning to ""raise hell"". Breaking Bad is set and was filmed in Albuquerque, New Mexico.
Walter's family consists of his wife Skyler (Anna Gunn) and children, Walter, Jr. (RJ Mitte) and Holly (Elanor Anne Wenrich)."
The IT Crowd,https://upload.wikimedia.org/wikipedia/commons/b/b3/The_IT_Crowd_title_card.jpg,Graham Linehan,2.8,42,2013/03/03,Sitcom,10,"The IT Crowd is a British sitcom by Channel 4, written by Graham Linehan, produced by Ash Atalla and starring Chris O'Dowd, Richard Ayoade, Katherine Parkinson, and Matt Berry.
Set in the London offices of the fictional Reynholm Industries, the show revolves around the three staff members of its IT department: a geeky genius named Maurice Moss (Ayoade), the work-shy Roy Trenneman (O'Dowd), and Jen Barber (Parkinson), the department head/relationship manager, who knows nothing about IT. The show also focuses on the bosses of Reynholm Industries: Denholm Reynholm (Chris Morris) and later, his son Douglas (Matt Berry).
The comedy premiered on Channel 4 on 3 February 2006, and ran for four series of six episodes each. Although a fifth series was commissioned, it was never produced. The programme was concluded with a special, one-off episode, that aired on 27 September 2013."
Call the Midwife,https://upload.wikimedia.org/wikipedia/en/b/bd/Call_the_Midwife_titlecard.JPG,Heidi Thomas,8.7,46,2013/05/31,Drama,8,"Call the Midwife is a BBC period drama series about a group of nurse midwives working in the East End of London in the late 1950s and early 1960s. It stars Jessica Raine, Miranda Hart, Helen George, Bryony Hannah, Laura Main, Jenny Agutter, Pam Ferris, Judy Parfitt, Cliff Parisi, Stephen McGann, Ben Caplan, Emerald Fennell, Victoria Yeates, Linda Bassett and Charlotte Ritchie. The series is produced by Neal Street Productions, a production company founded and owned by the film director and producer Sam Mendes, Call the Midwife executive producer Pippa Harris, and Caro Newling. The first series, set in 1957, premiered in the UK on 15 January 2012.
The series was created by Heidi Thomas, originally based on the memoirs of Jennifer Worth who worked with the Community of St. John the Divine, an Anglican religious order, at their convent in the East End in London. The order was founded as a nursing order in 1849. The memoirs have since been expanded to include new, historically sourced material."
Seinfeld,https://upload.wikimedia.org/wikipedia/commons/7/78/Seinfeld_logo.svg,Larry David,8.4,49,2010/08/09,Sitcom,6,"Seinfeld is an American sitcom that originally ran for nine seasons on NBC, from 1989 to 1998. It was created by Larry David and Jerry Seinfeld, the latter starring as a fictionalized version of himself. Set predominantly in an apartment building in Manhattan's Upper West Side in New York City (although taped entirely in Los Angeles), the show features a handful of Jerry's friends and acquaintances, particularly best friend George Costanza (Jason Alexander), former girlfriend Elaine Benes (Julia Louis-Dreyfus), and neighbor across the hall Cosmo Kramer (Michael Richards). It is often described as being ""a show about nothing"", as many of its episodes are about the minutiae of daily life.
Seinfeld was produced by Castle Rock Entertainment. In syndication the series has been distributed by Sony Pictures Television since 2002. It was largely written by David and Seinfeld with script writers who included Larry Charles, Peter Mehlman, Gregg Kavet, Carol Leifer, David Mandel, Jeff Schaffer, Steve Koren, Jennifer Crittenden, Tom Gammill, Max Pross, Dan O'Keefe, Charlie Rubin, Marjorie Gross, Alec Berg, Elaine Pope, and Spike Feresten.
A favorite among critics, the series led the Nielsen ratings in seasons six and nine, and finished among the top two (with NBC's ER) every year from 1994 to 1998."
The Daily Show,ttps://upload.wikimedia.org/wikipedia/en/3/3b/The_Daily_Show_with_Trevor_Noah.png,Madeleine Smithberg,9.4,43,2014/01/01,"Comedy, ",5,"The Daily Show (also known as The Daily Show with Jon Stewart from 1999 until 2015, and The Daily Show with Trevor Noah as of 2015) is an American news satire and talk show television program, which airs each Monday through Thursday on Comedy Central and on The Comedy Network in Canada.
The half-hour-long show premiered on July 21, 1996, and was hosted by Craig Kilborn until December 17, 1998. Jon Stewart then took over as the host from January 11, 1999 until August 6, 2015, making the show more strongly focused on politics and the national media, in contrast with the pop culture focus during Kilborn's tenure. Stewart was succeeded by Trevor Noah, whose tenure premiered on September 28, 2015. The Daily Show is the longest-running program on Comedy Central (counting all three tenures), and has won 23 Primetime Emmy Awards.
Describing itself as a fake news program, The Daily Show draws its comedy and satire from recent news stories, political figures, media organizations, and often uses self-referential humor as well. During Stewart's tenure, the show typically opened with a long monologue, relating to recent headlines and frequently featured exchanges with one or more Daily Show correspondents, who adopted absurd or humorously exaggerated takes on current events against Stewart's straight man persona. The final segment was devoted to a celebrity interview, with guests ranging from actors and musicians to nonfiction authors and political figures."
The Sopranos,https://upload.wikimedia.org/wikipedia/en/6/6e/Sopranos_titlescreen.png,David Chase,7.8,40,2012/07/22,Crime drama,5,"The Sopranos is an American crime drama television series created by David Chase. Revolving around the fictional character and family of New Jersey-based Italian American mobster Tony Soprano (James Gandolfini), the show portrays the difficulties he faces as he tries to balance the conflicting requirements of his home life and his criminal organization. These are often highlighted during his therapy sessions with psychiatrist Jennifer Melfi (Lorraine Bracco). The series features Tony's family members, mafia colleagues, and rivals in prominent roles and story arcs, most notably his wife Carmela (Edie Falco) and protégé Christopher Moltisanti (Michael Imperioli).
After the pilot was ordered in 1997, the show premiered on the premium cable network HBO in the United States on January 10, 1999, and ran its six seasons with 86 episodes to June 10, 2007. The series then went through syndication and has been broadcast on A&E in the United States and internationally. The Sopranos was produced by HBO, Chase Films, and Brad Grey Television. It was primarily filmed at Silvercup Studios, New York City, and on location in New Jersey."
New Girl,https://upload.wikimedia.org/wikipedia/commons/f/f6/NewGirlTitlesS5.jpg,Elizabeth Meriwether,6.6,30,2014/09/03,Sitcom,9,"New Girl is an American sitcom television series that premiered on Fox on September 20, 2011. Developed by Elizabeth Meriwether under the working title Chicks & Dicks, the series revolves around an offbeat teacher Jess (Zooey Deschanel) after she moves into a Los Angeles loft with three men, Nick (Jake Johnson), Schmidt (Max Greenfield), and Winston (Lamorne Morris); Jess' best friend Cece (Hannah Simone) and on-again-off-again loft mate Coach (Damon Wayans Jr.) also appear regularly. The show combines comedy and drama elements as the characters, who are in their early thirties, deal with maturing relationships and career choices. The series' fourth season premiered on September 16, 2014. The series was renewed for a fifth season on March 31, 2015. The fifth season premiered on January 5, 2016 and on April 12, 2016, the series was renewed for a sixth season. The sixth season premiered on September 20, 2016.
Produced in Los Angeles as a single-camera comedy, New Girl is an ensemble show aimed at a general audience."
Boardwalk Empire,https://upload.wikimedia.org/wikipedia/en/2/2d/Boardwalk_Empire_2010_Intertitle.png,Terence Winter,8.8,37,2012/06/01,Crime drama,6,"Boardwalk Empire is an American period crime drama television series created by Terence Winter and airing on premium cable channel HBO. The series is set in Atlantic City, New Jersey during the Prohibition era and stars Steve Buscemi as Nucky Thompson. Winter, a Primetime Emmy Award-winning screenwriter and producer, created the show, inspired by the book Boardwalk Empire: The Birth, High Times, and Corruption of Atlantic City by Nelson Johnson about historical criminal kingpin Enoch L. Johnson.
The pilot episode was directed by Martin Scorsese and produced at a cost of $18 million. On September 1, 2009, HBO picked up the series for an additional 11 episodes. The series premiered on September 19, 2010, and completed its five-season run on October 26, 2014.
Boardwalk Empire received widespread critical acclaim, particularly for its visual style and basis on historical figures, as well as for Buscemi's lead performance. The series received 57 Primetime Emmy Award nominations, including two for Outstanding Drama Series, winning 20. The series also won the Golden Globe Award for Best Television Series – Drama in 2011 and two Screen Actors Guild Awards for Outstanding Performance by an Ensemble in a Drama Series in 2011 and 2012."
The Simpsons,https://upload.wikimedia.org/wikipedia/commons/b/bc/The_Simpsons_Logo.sv,Matt Groening,7.2,45,2010/12/12,Animated sitcom,10,"The Simpsons is an American animated sitcom created by Matt Groening for the Fox Broadcasting Company. The series is a satirical depiction of working-class life epitomized by the Simpson family, which consists of Homer, Marge, Bart, Lisa, and Maggie. The show is set in the fictional town of Springfield and parodies American culture, society, television, and the human condition.
The family was conceived by Groening shortly before a solicitation for a series of animated shorts with producer James L. Brooks. Groening created a dysfunctional family and named the characters after members of his own family, substituting Bart for his own name. The shorts became a part of The Tracey Ullman Show on April 19, 1987. After a three-season run, the sketch was developed into a half-hour prime time show and became an early hit for Fox, becoming the network's first series to land in the Top 30 ratings in a season (1989–90).
Since its debut on December 17, 1989, 601 episodes of The Simpsons have been broadcast."
American Idol,https://upload.wikimedia.org/wikipedia/en/3/3c/American_Idol_logo.png,Simon Fuller,9.7,33,2014/07/14,Reality television,3,"American Idol is an American singing competition television series created by Simon Fuller, produced by FremantleMedia North America and 19 Entertainment, and distributed by FremantleMedia North America. It began airing on Fox on June 11, 2002, and ended on April 7, 2016. It started off as an addition to the Idols format based on the British series Pop Idol, and became one of the most successful shows in the history of American television. The concept of the series involves discovering recording stars from unsigned singing talents, with the winner determined by the viewers in America through telephones, Internet, and SMS text voting. Winners chosen by viewers in its fifteen seasons were Kelly Clarkson, Ruben Studdard, Fantasia Barrino, Carrie Underwood, Taylor Hicks, Jordin Sparks, David Cook, Kris Allen, Lee DeWyze, Scotty McCreery, Phillip Phillips, Candice Glover, Caleb Johnson, Nick Fradiani, and Trent Harmon.
American Idol employed a panel of judges who critique the contestants' performances. The original judges were record producer and music manager Randy Jackson, pop singer and choreographer Paula Abdul and music executive and manager Simon Cowell. The judging panel for the final seasons consisted of country singer Keith Urban, singer and actress Jennifer Lopez, and jazz singer Harry Connick, Jr."
Family Guy,https://upload.wikimedia.org/wikipedia/en/a/aa/Family_Guy_Logo.svg,Seth MacFarlane,7.4,35,2012/07/01,Animated sitcom,4,"Family Guy is an American adult animated sitcom created by Seth MacFarlane for the Fox Broadcasting Company. The series centers on the Griffins, a family consisting of parents Peter and Lois; their children Meg, Chris, and Stewie; and their anthropomorphic pet dog Brian. The show is set in the fictional city of Quahog, Rhode Island, and exhibits much of its humor in the form of cutaway gags that often lampoon American culture.
The family was conceived by MacFarlane after developing two animated films, The Life of Larry and Larry & Steve. MacFarlane redesigned the films' protagonist, Larry, and his dog, Steve, and renamed them Peter and Brian, respectively. MacFarlane pitched a seven-minute pilot to Fox in 1998, and the show was greenlit and began production. Shortly after the third season of Family Guy had aired in 2002, Fox canceled the series, with one episode left unaired. Adult Swim burned off the episode in 2003, finishing the series' original run."
Ben and Kate,https://upload.wikimedia.org/wikipedia/en/e/e9/Ben%26Kate_promotional_logo.jpg,Dana Fox,9,38,2011/03/27,Sitcom,6,"Ben and Kate is an American single-camera sitcom television series that ran on Fox from September 25, 2012, to January 22, 2013, as part of the 2012–13 television season. The show was produced by 20th Century Fox Television and Chernin Entertainment. The show was created by Dana Fox who served as an executive producer alongside Peter Chernin, Katherie Pope, and Jake Kasdan."
Girl Meets World,https://upload.wikimedia.org/wikipedia/en/c/c4/Girl_Meets_World_Logo.png,Dana Fox,9,50,2014/02/09,Sitcom,9,"Girl Meets World is an American coming of age television sitcom. The series made its debut on Disney Channel on June 27, 2014.
The series is a sequel to the sitcom Boy Meets World, which aired on ABC in its TGIF block from 1993 to 2000. The original series centered on Cory Matthews, including his growing relationship with Topanga Lawrence and their eventual marriage. Ben Savage and Danielle Fishel, who portrayed Cory and Topanga, reprise their roles in Girl Meets World, which centers on the life of the couple's daughter, Riley Matthews. Her father has become a history teacher while her mother is a lawyer who gains part ownership of an old world bakery in ""Girl Meets Popular"". Other members of the Boy Meets World cast have either recurring roles or cameo appearances."
Liv and Maddie,https://upload.wikimedia.org/wikipedia/en/9/95/Liv_and_Maddie_Logo.png,Seth MacFarlane,7.4,37,2010/06/17,Sitcom,5,"Liv and Maddie, titled Liv and Maddie: Cali Style in its fourth season, is an American sitcom created by John D. Beck and Ron Hart and produced by It's a Laugh Productions for Disney Channel. The series stars Dove Cameron in a dual role as identical twins with entirely different personalities, Joey Bragg, Tenzing Norgay Trainor, Kali Rocha, Benjamin King, and Lauren Lindsey Donzis. A significant feature of the series are documentary-style cutaways where characters speak to the viewers to explain various things of different facts and the opinions on the situations in which they are featured in each episode."
Hannah Montana,https://upload.wikimedia.org/wikipedia/en/2/2b/Hannah_Montana_Logo.PNG,Terri Minsky,9.8,43,2013/07/16,Comedy,7,"Hannah Montana, also known as Hannah Montana Forever in its fourth and final season, is an American musical comedy television series created by Michael Poryes, Rich Correll, and Barry O'Brien. It focuses on Miley Stewart (portrayed by Miley Cyrus), who is a teenager living a double life as an average schoolgirl by day and as the famous recording artist Hannah Montana by night. The story follows the daily life of Stewart, her brother, and her friends while also starring Cyrus's country singer father Billy Ray Cyrus as her dad.
The series, produced by It's a Laugh Productions and Michael Poryes Productions, premiered on Disney Channel on March 24, 2006 and concluded on January 16, 2011 after having aired four seasons and ninety-eight episodes. The soundtrack albums Hannah Montana (2006), Hannah Montana 2: Meet Miley Cyrus (2007), Hannah Montana 3 (2009), and Hannah Montana Forever (2010) were released to coincide with their respective seasons. In 2007, the success of the series led to the Best of Both Worlds Tour, which visited North America. The following year, it was adapted into the 3D film Hannah Montana & Miley Cyrus: Best of Both Worlds Concert and its accompanying soundtrack. In 2009, the first feature film of the series, titled Hannah Montana: The Movie was released to commercial success, and was additionally promoted through its accompanying soundtrack."
Lizzie McGuire,https://upload.wikimedia.org/wikipedia/commons/a/a3/Lizzie_McGuire_logo.svg,Terri Minsky,8.5,31,2010/02/05,Comedy,6,"Lizzie McGuire is an American live-action scripted teen sitcom, which features an animated version of the title character performing soliloquy. The animated sequences were interspersed with the show's live-action sequences. It premiered on the Disney Channel on January 12, 2001 following the premiere of Zenon: The Zequel and ended February 14, 2004. A total of 65 episodes were produced and aired. Its target demographic was preteens and adolescents.
The series won Favorite TV Show at the Nickelodeon Kids' Choice Awards in 2002 and 2003."
Kim Possible,https://upload.wikimedia.org/wikipedia/en/d/d7/Disney%27s_Kim_Possible_%28intertitle%29.jpg,Van Partible,6.6,47,2015/07/11,Animated series,10,"Kim Possible is an American animated children's television series created by Bob Schooley and Mark McCorkle for Disney Channel. It centers on Kim Possible, a teenage crime-fighter who has the task of dealing with worldwide, family, and school issues every day.
Kim Possible was the second animated Disney Channel Original Series, and the first series to be produced by Walt Disney Television Animation, in association with Disney Channel. Originally broadcast from 2002 to 2007, Kim Possible was Disney Channel's longest-running original animated series until it was surpassed by Phineas and Ferb."
Wizards of Waverly Place,https://upload.wikimedia.org/wikipedia/en/e/e8/WOWP_logo.png,Todd J. Greenwald,7.3,31,2010/08/25,Family sitcom,3,"Wizards of Waverly Place is an American fantasy teen sitcom which ran from October 12, 2007 to January 6, 2012 on Disney Channel. The series was created by Todd J. Greenwald, and stars Selena Gomez, David Henrie and Jake T. Austin as three wizard siblings with magical abilities competing to win sole custody of the family powers. Further main cast includes Jennifer Stone, María Canals Barrera, and David DeLuise.
The series won ""Outstanding Children's Program"" at the 61st Primetime Emmy Awards in 2009. A film adaptation of the series, Wizards of Waverly Place: The Movie, premiered as a Disney Channel Original Movie on August 28, 2009. The film adaptation won ""Outstanding Children's Program"" at the 62nd Primetime Emmy Awards earning the series its second consecutive Emmy. The farewell season won ""Outstanding Children's Program"" at the 64th Primetime Emmy Awards bringing the franchise's total to three Emmy awards. Wizards of Waverly Place ended with 106 episodes over four seasons, surpassing That's So Raven."
Phineas and Ferb,https://upload.wikimedia.org/wikipedia/en/6/6e/Phineas_and_Ferb_logo.svg,Dan Povenmire,9.5,46,2011/05/06,Comedy,10,"Phineas and Ferb is an American animated musical comedy television series. Originally broadcast as a one-episode preview on August 17, 2007 and again previewed on September 28, 2007, the series officially premiered on February 1, 2008 on Disney Channel, and follows Phineas Flynn and his British stepbrother Ferb Fletcher on summer vacation. Every day, the boys embark on some grand new project, which annoys their controlling sister, Candace, who frequently tries to reveal their shenanigans to her and Phineas' mother, Linda Flynn-Fletcher, and less frequently to Ferb's father, Lawrence Fletcher. The series follows a standard plot system; running gags occur every episode, and the b-plot almost always features Perry the Platypus working as a spy (""Agent P"") for OWCA (the Organization Without a Cool Acronym), to defeat the latest scheme of Dr. Heinz Doofenshmirtz, a mad scientist driven largely by a need to assert his evilness. Sometimes, other villains scoff at his level of evil. The two plots intersect at the end to erase all traces of the boys' project just before Candace can show it to their mother. This usually leaves Candace very frustrated."
Sonny with a Chance,https://upload.wikimedia.org/wikipedia/en/4/4c/Sonnywithachance-logo.png,Steve Marmel,8,36,2013/10/06,Comedy,3,"Sonny with a Chance is an American sitcom which aired on Disney Channel, created by Steve Marmel. The series follows the experiences of teenager Sonny Munroe, portrayed by Demi Lovato, who becomes the newest accepted cast member of her favorite live comedy television show, So Random!.
The series debuted on February 8, 2009, in the United States. This is the first Disney Channel Original Series to be shot and aired in high-definition from the beginning. Like most of Disney Channel's sitcoms, it is shot on tape but uses a ""filmized"" appearance. The second season, some scenes are shot on location. The series is one of the three Disney Channel Original Series to feature a show-within-a-show, along with The Famous Jett Jackson and Shake It Up. On June 1, 2009, TV Guide reported that Disney Channel had renewed Sonny with a Chance for a second season, with Gary Marsh saying ""Sonny was a hit right out of the gate""."
The Suite Life on Deck,https://upload.wikimedia.org/wikipedia/en/2/26/The_Suite_Life_on_Deck_logo.png,Danny Kallis,7.8,30,2014/09/19,Sitcom,6,"The Suite Life on Deck is an American sitcom that aired on Disney Channel from September 26, 2008 to May 6, 2011. It is a sequel/spin-off of the Disney Channel Original Series The Suite Life of Zack & Cody. The series follows twin brothers Zack and Cody Martin and hotel heiress London Tipton in a new setting, the SS Tipton, where they attend classes at ""Seven Seas High School"" and meet Bailey Pickett while Mr. Moseby manages the ship. The ship travels around the world to nations such as Italy, Greece, India, Sweden and the United Kingdom where the characters experience different cultures, adventures, and situations.
The series' pilot aired in the UK on September 19, 2008, and in U.S. markets on September 26, 2008. The series premiere on the Disney Channel in the U.S. drew 5.7 million viewers, and it became the most watched series premiere in Canada on the Family Channel. The show was also TV's No."
Elena of Avalor,https://upload.wikimedia.org/wikipedia/en/8/84/Elena_of_Avalor_logo.png,Craig Gerber,9.1,40,2011/05/17,Fantasy,10,"Elena of Avalor is an American computer-animated television series that debuted on June 20, 2016 via demand in Canada, on July 1 via internet, with a July 22, 2016 television premiere on Disney Channel in the United States. The series is about a Latina princess and her family and takes place in the same universe as Disney Junior's Sofia the First.
On August 11, 2016 Disney announced that Elena of Avalor was renewed for a second season."
The Powerpuff Girls,https://upload.wikimedia.org/wikipedia/commons/f/f1/The_Powerpuff_Girls_logo.svg,Craig McCracken,8.5,37,2014/02/16,Superhero,9,"The Powerpuff Girls is an American animated television series created by animator Craig McCracken for Cartoon Network. The show centers on Blossom, Bubbles, and Buttercup, three girls with superpowers, as well as their father, the brainy scientist Professor Utonium, who all live in the fictional city of Townsville, USA. The girls are frequently called upon by the town's childlike and naive mayor to help fight nearby criminals using their powers.
McCracken originally developed the show in 1992 as a cartoon short entitled Whoopass Stew! while in his second year at CalArts. Following a name change, Cartoon Network featured the first Powerpuff Girls pilots in its animation showcase program What a Cartoon! in 1995 and 1996. The series made its official debut as a Cartoon Cartoon on November 18, 1998, with the final episode airing on March 25, 2005. A total of 78 episodes were aired in addition to two pilot shorts, a Christmas special, and a feature film."
Johnny Bravo,https://upload.wikimedia.org/wikipedia/commons/6/60/Johnny_Bravo_logo.png,Van Partible,9.7,39,2016/11/04,Animated sitcom,9,"Johnny Bravo is an American animated television series created by Van Partible for Cartoon Network, and the second of the network's Cartoon Cartoons. The series centers on the title character, a muscular and boorish man who tries to get women to date him, though he is usually unsuccessful. He ends up in bizarre situations and predicaments, often accompanied by celebrity guest characters such as Adam West or Donny Osmond. Pop culture references and sly adult-oriented jokes comprise much of the show's humor.
Partible pitched the series to Hanna-Barbera's animation showcase What a Cartoon!, basing it on his senior thesis project he produced while attending Loyola Marymount University. A pilot short aired on Cartoon Network in 1995, and was followed by two more shorts; the popularity of the shorts led to the network commissioning a half-hour series, which premiered on July 14, 1997. The series was renewed for a second season in 1999, during which Partible left and the show was retooled under the direction of Kirk Tingblad. In 2003, Partible returned to the series for a fourth season, restoring it to its original format and style."
DreamWorks Dragons,https://upload.wikimedia.org/wikipedia/en/1/12/Dragons_Riders_of_Berk_logo.png,Chris Sanders,4.6,47,2014/02/16,Action,3,"DreamWorks Dragons is an American computer-animated television series based on the 2010 film How to Train Your Dragon. The series serves as a bridge between the first film and its 2014 sequel.
A one-hour preview consisting of two episodes aired on August 7, 2012, on Cartoon Network, with the official premiere of the series on September 4, 2012. A total of 40 episodes aired on Cartoon Network during the first two seasons, subtitled Riders of Berk and Defenders of Berk respectively while a third season entitled Race to the Edge debuted on Netflix on June 26, 2015. The second and third seasons of Dragons: Race to the Edge premiered on January 8 and June 24, 2016, respectively.
DreamWorks Dragons was announced by Cartoon Network on October 12, 2010. According to Tim Johnson, executive producer for How to Train Your Dragon, the series was planned to be much darker and deeper than DreamWorks Animation's previous television series spin-offs, with a similar tone to the movie. DreamWorks Dragons was the first DreamWorks Animation series to air on Cartoon Network rather than Nickelodeon."
Winx Club,https://upload.wikimedia.org/wikipedia/en/4/4f/Winx_Club_Logo.png,Iginio Straffi,7.6,50,2013/10/18,Fantasy adventure,3,"Winx Club is an Italian animated television series directed, created and produced by Iginio Straffi and his company Rainbow S.r.l. in co-production with Rai Fiction. The series is the first Italian cartoon to be sold in the United States."
Running Wilde,https://upload.wikimedia.org/wikipedia/commons/8/8c/Running_Wilde_2010_Intertitle.png,Mitchell Hurwitz,7.9,50,2010/02/03,Crime,4,"Running Wilde is an American comedy television series created by Mitchell Hurwitz for the Fox Network. It stars Will Arnett as Steve Wilde, a self-centered, idle bachelor and heir to an oil fortune. The series follows Wilde's awkward attempts to regain the affection of his childhood sweetheart, Emmy, an environmentalist who had been living in the South American jungle, but whose young daughter does not want to return there and who secretly enlists Steve's help to keep Emmy at his mansion, leading to farcical situations and misunderstandings."
The Chicago Code,https://upload.wikimedia.org/wikipedia/en/2/2b/TheChicagoCodeIntertitle.jpg,Shawn Ryan,7.7,44,2014/08/31,Crime drama,7,"The Chicago Code is an American crime drama television series created by Shawn Ryan that aired on Fox in the United States. The series was filmed in Chicago, Illinois, originally airing from February 7 to May 23, 2011, with Fox announcing cancellation on May 10, 2011."
Body of Proof,https://upload.wikimedia.org/wikipedia/commons/f/f1/Body_of_Proof_Logo.svg/375px-Body_of_Proof_Logo.svg.png,Christopher Murphey,9.2,34,2011/03/20,Medical drama,6,"Body of Proof is an American medical drama television series that ran on ABC from March 29, 2011, to May 28, 2013, and starred Dana Delany as medical examiner Dr. Megan Hunt. The series was created by Chris Murphey and produced by ABC Studios. The show was canceled by ABC after three seasons."
A Gifted Man,https://upload.wikimedia.org/wikipedia/en/b/b4/A_Gifted_Man_titlecard.jpg,Susannah Grant,9.8,46,2014/09/25,Medical drama,7,"A Gifted Man is an American television series, which premiered on CBS on September 23, 2011. The series is about a talented but self-absorbed surgeon (Patrick Wilson) who starts questioning his purpose in life when he is visited by the spirit of his deceased ex-wife (Jennifer Ehle). The pilot episode was directed by Jonathan Demme, who also served as an executive producer on the show along with writer Susannah Grant. The first thirteen episodes were aired in the Friday 8:00 p.m. timeslot (September 23, 2011 – February 10, 2012), while the final three episodes of the 16 episode season order were aired in the Friday 9:00 p.m. timeslot (February 17, 2012 – March 2, 2012)."
Sons of Anarchy,https://upload.wikimedia.org/wikipedia/en/7/7b/SOATitlecard.jpg,Kurt Sutter,6.8,36,2014/05/20,Crime,3,"Sons of Anarchy is an American crime drama television series created by Kurt Sutter. It follows the lives of a close-knit outlaw motorcycle club operating in Charming, a fictional town in California's Central Valley. The show stars Charlie Hunnam as Jackson ""Jax"" Teller, initially the vice president of the club, who begins questioning the club and himself. Brotherhood, loyalty and redemption are constant themes.
Sons of Anarchy premiered on September 3, 2008, on cable network FX. The series' third season attracted an average of 4.9 million viewers per week, making it FX's highest rated series ever, surpassing FX's other hits The Shield, Nip/Tuck, and Rescue Me. The season 4 and 5 premieres were the two highest-rated telecasts in FX's history.
The sixth season aired from September 10, 2013, through December 10, 2013. The seventh and final season of the series premiered on September 9, 2014."
Raising Hope,https://upload.wikimedia.org/wikipedia/en/e/e5/RaisingHopeTitleCard.jpg,Greg Garcia,7,38,2011/12/23,Sitcom,6,"Raising Hope is an American sitcom that aired from September 21, 2010, to April 4, 2014, on Fox. Following its first season, the show received two nominations at the 63rd Primetime Emmy Awards. Martha Plimpton was nominated for Outstanding Lead Actress in a Comedy Series and Cloris Leachman was nominated for Outstanding Guest Actress in a Comedy Series. Plimpton also won the 2011 Satellite Award for Best Actress in a Comedy Series.
The fourth season premiered Friday, November 15, 2013, at 9:00 pm Eastern/8:00 pm Central with back-to-back episodes. On March 10, 2014, Fox canceled Raising Hope, and the series finale aired April 4, 2014."
